{
    "loss_values": [
        0.8424084782600403,
        0.33260485529899597,
        0.27846038341522217,
        0.24725739657878876,
        0.22367802262306213,
        0.20462758839130402,
        0.19014544785022736,
        0.17699682712554932,
        0.1659473478794098,
        0.15625245869159698
    ],
    "accuracy_values": [
        0.7613333463668823,
        0.9055666923522949,
        0.9198333621025085,
        0.9283166527748108,
        0.9349833726882935,
        0.941100001335144,
        0.9451500177383423,
        0.9483833312988281,
        0.9513000249862671,
        0.954200029373169
    ],
    "val_loss_values": [
        0.36652541160583496,
        0.2858554422855377,
        0.2606673836708069,
        0.225754052400589,
        0.2085687816143036,
        0.1929687112569809,
        0.18383461236953735,
        0.1702471375465393,
        0.16498467326164246,
        0.15121394395828247
    ],
    "val_accuracy_values": [
        0.8945000171661377,
        0.9178000092506409,
        0.9244999885559082,
        0.9350000023841858,
        0.9376999735832214,
        0.941100001335144,
        0.9449999928474426,
        0.9485999941825867,
        0.9506999850273132,
        0.9532999992370605
    ],
    "training_time_ms": 113110,
    "inference_time_ms": 0.6000000089406967,
    "loss": 0.15121394395828247,
    "accuracy": 0.9532999992370605
}