{
    "loss_values": [
        1.1786454916000366,
        0.42664217948913574,
        0.3486349582672119,
        0.3136906325817108,
        0.2900370657444,
        0.27133965492248535,
        0.25584712624549866,
        0.2419615089893341,
        0.22964733839035034,
        0.21783791482448578
    ],
    "accuracy_values": [
        0.6744666695594788,
        0.883566677570343,
        0.9007999897003174,
        0.9114333391189575,
        0.9176999926567078,
        0.9230000376701355,
        0.9269000291824341,
        0.930733323097229,
        0.9348333477973938,
        0.9384999871253967
    ],
    "val_loss_values": [
        0.5986470580101013,
        0.4612581133842468,
        0.40291473269462585,
        0.3747082054615021,
        0.3622377812862396,
        0.3379598557949066,
        0.32049205899238586,
        0.31152424216270447,
        0.30287766456604004,
        0.29419323801994324
    ],
    "val_accuracy_values": [
        0.8353999853134155,
        0.8637999892234802,
        0.8802000284194946,
        0.8894000053405762,
        0.8939999938011169,
        0.9010000228881836,
        0.9049999713897705,
        0.9034000039100647,
        0.9093999862670898,
        0.9125999808311462
    ],
    "training_time_ms": 56992.20000000298,
    "inference_time_ms": 0.5,
    "loss": 0.29419323801994324,
    "accuracy": 0.9125999808311462
}