{
    "loss_values": [
        2.1710007190704346,
        1.653771996498108,
        1.042100191116333,
        0.7189233303070068,
        0.5717917680740356,
        0.4914074242115021,
        0.44107699394226074,
        0.40436550974845886,
        0.3759499192237854,
        0.3543429672718048
    ],
    "accuracy_values": [
        0.2854999899864197,
        0.5550000071525574,
        0.7519999742507935,
        0.8159999847412109,
        0.8478333353996277,
        0.8675000071525574,
        0.8818333148956299,
        0.8881666660308838,
        0.8978333473205566,
        0.9041666388511658
    ],
    "val_loss_values": [
        2.0022716522216797,
        1.386764407157898,
        0.9348811507225037,
        0.7192733287811279,
        0.6174672842025757,
        0.551555335521698,
        0.5054213404655457,
        0.4818574786186218,
        0.4594522714614868,
        0.4492770731449127
    ],
    "val_accuracy_values": [
        0.44200000166893005,
        0.6620000004768372,
        0.7549999952316284,
        0.8029999732971191,
        0.8199999928474426,
        0.8330000042915344,
        0.8510000109672546,
        0.8569999933242798,
        0.8600000143051147,
        0.8619999885559082
    ],
    "training_time_ms": 11586.5,
    "inference_time_ms": 0.20000000298023224,
    "loss": 0.4492770731449127,
    "accuracy": 0.8619999885559082
}