{
    "loss_values": [
        2.064990282058716,
        1.3647067546844482,
        0.8553144335746765,
        0.6447033882141113,
        0.5377131104469299,
        0.4712976813316345,
        0.42645063996315,
        0.39397871494293213,
        0.3679083585739136,
        0.34773173928260803
    ],
    "accuracy_values": [
        0.3798333406448364,
        0.6926666498184204,
        0.7739999890327454,
        0.8271666765213013,
        0.8558333516120911,
        0.8708333373069763,
        0.8861666321754456,
        0.8946666717529297,
        0.8993332982063293,
        0.9028333425521851
    ],
    "val_loss_values": [
        1.8044825792312622,
        1.1453533172607422,
        0.840004026889801,
        0.6905540227890015,
        0.6166764497756958,
        0.5485700368881226,
        0.5117667317390442,
        0.47788792848587036,
        0.45529887080192566,
        0.4366939067840576
    ],
    "val_accuracy_values": [
        0.593999981880188,
        0.6819999814033508,
        0.7540000081062317,
        0.8029999732971191,
        0.8190000057220459,
        0.8429999947547913,
        0.8500000238418579,
        0.8610000014305115,
        0.8679999709129333,
        0.8730000257492065
    ],
    "training_time_ms": 11269.20000000298,
    "inference_time_ms": 0.4000000059604645,
    "loss": 0.4366939067840576,
    "accuracy": 0.8730000257492065
}