{
    "loss_values": [
        1.1564568281173706,
        0.42803674936294556,
        0.35084226727485657,
        0.3145454227924347,
        0.2895948886871338,
        0.2695730924606323,
        0.25180569291114807,
        0.236360564827919,
        0.22400513291358948,
        0.2120848447084427
    ],
    "accuracy_values": [
        0.690500020980835,
        0.8843666911125183,
        0.9014666676521301,
        0.9106667041778564,
        0.9181666970252991,
        0.9246000051498413,
        0.9293000102043152,
        0.9323000311851501,
        0.9366999864578247,
        0.938533365726471
    ],
    "val_loss_values": [
        0.5963090658187866,
        0.44888007640838623,
        0.39868536591529846,
        0.37478235363960266,
        0.3512667417526245,
        0.3331032693386078,
        0.3126833140850067,
        0.3231392502784729,
        0.2970295250415802,
        0.2854205071926117
    ],
    "val_accuracy_values": [
        0.8399999737739563,
        0.8736000061035156,
        0.8862000107765198,
        0.8925999999046326,
        0.900600016117096,
        0.9038000106811523,
        0.9110000133514404,
        0.9057999849319458,
        0.9136000275611877,
        0.9169999957084656
    ],
    "training_time_ms": 56529.69999998808,
    "inference_time_ms": 0.7999999970197678,
    "loss": 0.2854205071926117,
    "accuracy": 0.9169999957084656
}