{
    "loss_values": [
        0.8870534896850586,
        0.3463691771030426,
        0.29321834444999695,
        0.262342244386673,
        0.23798857629299164,
        0.21910081803798676,
        0.20226864516735077,
        0.18838798999786377,
        0.1762576550245285,
        0.16629473865032196
    ],
    "accuracy_values": [
        0.7512666583061218,
        0.9011000394821167,
        0.9156000018119812,
        0.925266683101654,
        0.9316333532333374,
        0.9369500279426575,
        0.942383348941803,
        0.9456833600997925,
        0.9486166834831238,
        0.9519333243370056
    ],
    "val_loss_values": [
        0.3792003095149994,
        0.3003510534763336,
        0.26323506236076355,
        0.24199476838111877,
        0.22386030852794647,
        0.20716172456741333,
        0.19177640974521637,
        0.1809641420841217,
        0.17577649652957916,
        0.16560471057891846
    ],
    "val_accuracy_values": [
        0.8955000042915344,
        0.9147999882698059,
        0.92330002784729,
        0.9304999709129333,
        0.9337999820709229,
        0.9380000233650208,
        0.9420999884605408,
        0.9453999996185303,
        0.9477999806404114,
        0.9506000280380249
    ],
    "training_time_ms": 113114.5,
    "inference_time_ms": 0.5,
    "loss": 0.16560471057891846,
    "accuracy": 0.9506000280380249
}