{
    "loss_values": [
        0.8333509564399719,
        0.3409777581691742,
        0.29257047176361084,
        0.2617341876029968,
        0.23738756775856018,
        0.2168770134449005,
        0.19966550171375275,
        0.1851774901151657,
        0.17228880524635315,
        0.16182053089141846
    ],
    "accuracy_values": [
        0.7682833671569824,
        0.9016166925430298,
        0.9148833155632019,
        0.9237333536148071,
        0.9314000010490417,
        0.9383666515350342,
        0.9427333474159241,
        0.9471333622932434,
        0.9511833190917969,
        0.9537500143051147
    ],
    "val_loss_values": [
        0.36307182908058167,
        0.2953334450721741,
        0.2611684203147888,
        0.24651086330413818,
        0.2249472588300705,
        0.20705078542232513,
        0.19258174300193787,
        0.18094176054000854,
        0.1711881160736084,
        0.16564801335334778
    ],
    "val_accuracy_values": [
        0.8942999839782715,
        0.9132999777793884,
        0.9239000082015991,
        0.930400013923645,
        0.934499979019165,
        0.9420999884605408,
        0.9441999793052673,
        0.9460999965667725,
        0.9498000144958496,
        0.9514999985694885
    ],
    "training_time_ms": 220923.79999999702,
    "inference_time_ms": 0.29999999701976776,
    "loss": 0.16564801335334778,
    "accuracy": 0.9514999985694885
}