{
    "loss_values": [
        2.0787670612335205,
        1.4130253791809082,
        0.8925594091415405,
        0.6551290154457092,
        0.5354804396629333,
        0.46511515974998474,
        0.4173346161842346,
        0.3839802145957947,
        0.3581078350543976,
        0.33892959356307983
    ],
    "accuracy_values": [
        0.367333322763443,
        0.6668333411216736,
        0.7898333072662354,
        0.8391666412353516,
        0.8668333292007446,
        0.8799999952316284,
        0.8869999647140503,
        0.8961666822433472,
        0.9046666622161865,
        0.9098333120346069
    ],
    "val_loss_values": [
        1.8295549154281616,
        1.1811060905456543,
        0.8430312275886536,
        0.6800285577774048,
        0.5898911356925964,
        0.5327227711677551,
        0.49662157893180847,
        0.4627184271812439,
        0.45701977610588074,
        0.42359933257102966
    ],
    "val_accuracy_values": [
        0.5509999990463257,
        0.6980000138282776,
        0.7670000195503235,
        0.8119999766349792,
        0.8220000267028809,
        0.8370000123977661,
        0.8500000238418579,
        0.8650000095367432,
        0.8679999709129333,
        0.875
    ],
    "training_time_ms": 22236.20000000298,
    "inference_time_ms": 0.29999999701976776,
    "loss": 0.42359933257102966,
    "accuracy": 0.875
}