{
    "loss_values": [
        1.3682414293289185,
        0.47011375427246094,
        0.3576892912387848,
        0.3150489032268524,
        0.2893826961517334,
        0.2684420049190521,
        0.25211459398269653,
        0.23777469992637634,
        0.22544750571250916,
        0.213516503572464
    ],
    "accuracy_values": [
        0.5989000201225281,
        0.8760666847229004,
        0.9011666774749756,
        0.9104666709899902,
        0.9185667037963867,
        0.9229666590690613,
        0.9272000193595886,
        0.9319666624069214,
        0.935366690158844,
        0.9388999938964844
    ],
    "val_loss_values": [
        0.6901590824127197,
        0.4705096185207367,
        0.4132538139820099,
        0.3794964551925659,
        0.34504595398902893,
        0.32697516679763794,
        0.31994321942329407,
        0.3052956461906433,
        0.2961803674697876,
        0.2855285108089447
    ],
    "val_accuracy_values": [
        0.8187999725341797,
        0.8673999905586243,
        0.8791999816894531,
        0.8917999863624573,
        0.902400016784668,
        0.9082000255584717,
        0.9088000059127808,
        0.9110000133514404,
        0.9143999814987183,
        0.9165999889373779
    ],
    "training_time_ms": 108567.19999998808,
    "inference_time_ms": 0.19999998807907104,
    "loss": 0.2855285108089447,
    "accuracy": 0.9165999889373779
}