{
  "loss_values": [
    0.8588042855262756,
    0.3593032956123352,
    0.29265668988227844,
    0.2537437677383423,
    0.22659684717655182,
    0.20628586411476135,
    0.19012273848056793,
    0.17658157646656036,
    0.16540023684501648,
    0.15577132999897003
  ],
  "accuracy_values": [
    0.751966655254364,
    0.8966667056083679,
    0.9174833297729492,
    0.9280666708946228,
    0.9355999827384949,
    0.9411333203315735,
    0.9464666843414307,
    0.9501333236694336,
    0.9529333710670471,
    0.956083357334137
  ],
  "val_loss_values": [
    0.39454910159111023,
    0.3074743449687958,
    0.2617025077342987,
    0.23545962572097778,
    0.216901034116745,
    0.19718337059020996,
    0.19253477454185486,
    0.1741306632757187,
    0.17022010684013367,
    0.16239945590496063
  ],
  "val_accuracy_values": [
    0.8827000260353088,
    0.9097000360488892,
    0.9254000186920166,
    0.9321000576019287,
    0.9380000233650208,
    0.9420000314712524,
    0.9429000616073608,
    0.9487000703811646,
    0.9490000605583191,
    0.9521000385284424
  ],
  "training_time_ms": 51080.39999999106,
  "inference_time_ms": 1.1000000089406967,
  "loss": 0.16239945590496063,
  "accuracy": 0.9521000385284424
}