{
  "loss_values": [
    1.1138895750045776,
    0.41660237312316895,
    0.3465598225593567,
    0.31259721517562866,
    0.28897711634635925,
    0.2692519426345825,
    0.2530047297477722,
    0.23814475536346436,
    0.225396990776062,
    0.21417368948459625
  ],
  "accuracy_values": [
    0.7108666896820068,
    0.8858000040054321,
    0.9032000303268433,
    0.9123666882514954,
    0.9191666841506958,
    0.9243666529655457,
    0.9286333322525024,
    0.9328333139419556,
    0.9368000030517578,
    0.9401000142097473
  ],
  "val_loss_values": [
    0.5714452862739563,
    0.4490298926830292,
    0.4043055772781372,
    0.3727175295352936,
    0.3513962924480438,
    0.33145835995674133,
    0.32151100039482117,
    0.30897822976112366,
    0.29604724049568176,
    0.2920381426811218
  ],
  "val_accuracy_values": [
    0.8388000130653381,
    0.8730000257492065,
    0.886400043964386,
    0.8940000534057617,
    0.8970000147819519,
    0.9044000506401062,
    0.9046000242233276,
    0.9112000465393066,
    0.9146000146865845,
    0.9124000668525696
  ],
  "training_time_ms": 24067.39999999106,
  "inference_time_ms": 0.30000001192092896,
  "loss": 0.2920381426811218,
  "accuracy": 0.9124000668525696
}