{
  "loss_values": [
    2.066997528076172,
    1.3760042190551758,
    0.8680346608161926,
    0.6325941681861877,
    0.5166764855384827,
    0.44953662157058716,
    0.4060382843017578,
    0.37447431683540344,
    0.35080191493034363,
    0.33203575015068054
  ],
  "accuracy_values": [
    0.3618333339691162,
    0.7013333439826965,
    0.7988333106040955,
    0.8401666283607483,
    0.8669999837875366,
    0.8778333067893982,
    0.887833297252655,
    0.8968333005905151,
    0.9046666622161865,
    0.9079999923706055
  ],
  "val_loss_values": [
    1.7949283123016357,
    1.180661916732788,
    0.822088897228241,
    0.66546630859375,
    0.5720146894454956,
    0.5190314650535583,
    0.4818389415740967,
    0.46197953820228577,
    0.43843722343444824,
    0.41951218247413635
  ],
  "val_accuracy_values": [
    0.5570000410079956,
    0.7240000367164612,
    0.7870000600814819,
    0.8070000410079956,
    0.8390000462532043,
    0.8510000109672546,
    0.8520000576972961,
    0.8520000576972961,
    0.8660000562667847,
    0.8710000514984131
  ],
  "training_time_ms": 4921.5,
  "inference_time_ms": 0.30000001192092896,
  "loss": 0.41951218247413635,
  "accuracy": 0.8710000514984131
}