{
    "loss_values": [
        1.3845826387405396,
        0.4539484679698944,
        0.354193776845932,
        0.3111518323421478,
        0.2831343710422516,
        0.26163625717163086,
        0.24414850771427155,
        0.22945380210876465,
        0.21568728983402252,
        0.2039036899805069
    ],
    "accuracy_values": [
        0.5965666770935059,
        0.8745333552360535,
        0.8983333706855774,
        0.9104999899864197,
        0.9193666577339172,
        0.9249666929244995,
        0.930733323097229,
        0.9348333477973938,
        0.9391000270843506,
        0.9419333338737488
    ],
    "val_loss_values": [
        0.6896195411682129,
        0.4695124924182892,
        0.4064783751964569,
        0.3711498975753784,
        0.3480841815471649,
        0.3322533667087555,
        0.31273454427719116,
        0.29645851254463196,
        0.2867543697357178,
        0.28304579854011536
    ],
    "val_accuracy_values": [
        0.8087999820709229,
        0.8637999892234802,
        0.8822000026702881,
        0.8912000060081482,
        0.8967999815940857,
        0.9031999707221985,
        0.9106000065803528,
        0.9128000140190125,
        0.9150000214576721,
        0.9139999747276306
    ],
    "training_time_ms": 108424.40000000596,
    "inference_time_ms": 0.19999998807907104,
    "loss": 0.28304579854011536,
    "accuracy": 0.9139999747276306
}