{
    "loss_values": [
        2.125159740447998,
        1.5164446830749512,
        0.9322689771652222,
        0.6814388632774353,
        0.562229335308075,
        0.48944106698036194,
        0.4427206218242645,
        0.4078981876373291,
        0.38077640533447266,
        0.358859658241272
    ],
    "accuracy_values": [
        0.3478333353996277,
        0.6865000128746033,
        0.7699999809265137,
        0.8226666450500488,
        0.8476666808128357,
        0.8675000071525574,
        0.8799999952316284,
        0.8886666297912598,
        0.8934999704360962,
        0.902999997138977
    ],
    "val_loss_values": [
        1.9284932613372803,
        1.2393510341644287,
        0.8604665398597717,
        0.7028487920761108,
        0.6149764657020569,
        0.5635385513305664,
        0.5191786885261536,
        0.48556166887283325,
        0.4582570493221283,
        0.4397563636302948
    ],
    "val_accuracy_values": [
        0.5609999895095825,
        0.6940000057220459,
        0.7620000243186951,
        0.8040000200271606,
        0.8330000042915344,
        0.8309999704360962,
        0.8489999771118164,
        0.8560000061988831,
        0.8659999966621399,
        0.8730000257492065
    ],
    "training_time_ms": 22286.69999998808,
    "inference_time_ms": 0.20000000298023224,
    "loss": 0.4397563636302948,
    "accuracy": 0.8730000257492065
}