{
    "loss_values": [
        0.8007790446281433,
        0.34585168957710266,
        0.2949943244457245,
        0.2615397274494171,
        0.23621968924999237,
        0.21503931283950806,
        0.19774660468101501,
        0.1826774626970291,
        0.1702316701412201,
        0.15976625680923462
    ],
    "accuracy_values": [
        0.7829000353813171,
        0.9002000093460083,
        0.9154166579246521,
        0.9249333143234253,
        0.9319999814033508,
        0.9385166764259338,
        0.9436500072479248,
        0.9478333592414856,
        0.9509833455085754,
        0.9534500241279602
    ],
    "val_loss_values": [
        0.3690207898616791,
        0.2983459532260895,
        0.26785770058631897,
        0.24173718690872192,
        0.22600232064723969,
        0.2080920934677124,
        0.18817909061908722,
        0.1764371544122696,
        0.1690007746219635,
        0.1603211760520935
    ],
    "val_accuracy_values": [
        0.8945000171661377,
        0.9128000140190125,
        0.9217000007629395,
        0.9301000237464905,
        0.9351999759674072,
        0.9381999969482422,
        0.9447000026702881,
        0.9488999843597412,
        0.9502999782562256,
        0.953499972820282
    ],
    "training_time_ms": 217914.70000000298,
    "inference_time_ms": 0.20000000298023224,
    "loss": 0.1603211760520935,
    "accuracy": 0.953499972820282
}