{
    "loss_values": [
        2.06410813331604,
        1.4573066234588623,
        0.9614371061325073,
        0.7008249163627625,
        0.5612408518791199,
        0.4828636050224304,
        0.4312457740306854,
        0.398134708404541,
        0.37233075499534607,
        0.3519386649131775
    ],
    "accuracy_values": [
        0.31299999356269836,
        0.5674999952316284,
        0.7518333196640015,
        0.8230000138282776,
        0.8569999933242798,
        0.8763332962989807,
        0.8886666297912598,
        0.8951666355133057,
        0.8980000019073486,
        0.9024999737739563
    ],
    "val_loss_values": [
        1.8330223560333252,
        1.2354931831359863,
        0.8751111626625061,
        0.6851574182510376,
        0.5901983380317688,
        0.5247640013694763,
        0.489313542842865,
        0.45855093002319336,
        0.4365648329257965,
        0.43598657846450806
    ],
    "val_accuracy_values": [
        0.43799999356269836,
        0.6809999942779541,
        0.7850000262260437,
        0.8339999914169312,
        0.8370000123977661,
        0.8500000238418579,
        0.8560000061988831,
        0.8619999885559082,
        0.8690000176429749,
        0.8669999837875366
    ],
    "training_time_ms": 21899.79999999702,
    "inference_time_ms": 0.19999998807907104,
    "loss": 0.43598657846450806,
    "accuracy": 0.8669999837875366
}