{
    "loss_values": [
        1.1424317359924316,
        0.42458972334861755,
        0.3455710709095001,
        0.3089541494846344,
        0.2834302484989166,
        0.2634916305541992,
        0.2468542903661728,
        0.2324621081352234,
        0.22001664340496063,
        0.20923641324043274
    ],
    "accuracy_values": [
        0.6864333152770996,
        0.8820333480834961,
        0.9016000032424927,
        0.9117666482925415,
        0.9193000197410583,
        0.9253666996955872,
        0.9295333623886108,
        0.9337666630744934,
        0.9368000030517578,
        0.9405666589736938
    ],
    "val_loss_values": [
        0.608832836151123,
        0.45499882102012634,
        0.3923088014125824,
        0.3644738793373108,
        0.34770166873931885,
        0.3196863532066345,
        0.30561205744743347,
        0.2960294485092163,
        0.28207555413246155,
        0.2700101435184479
    ],
    "val_accuracy_values": [
        0.8317999839782715,
        0.8704000115394592,
        0.8870000243186951,
        0.8952000141143799,
        0.8980000019073486,
        0.9065999984741211,
        0.9106000065803528,
        0.9120000004768372,
        0.9151999950408936,
        0.920199990272522
    ],
    "training_time_ms": 109075.29999999702,
    "inference_time_ms": 0.29999999701976776,
    "loss": 0.2700101435184479,
    "accuracy": 0.920199990272522
}