{
    "loss_values": [
        0.8114388585090637,
        0.3392881751060486,
        0.28706076741218567,
        0.2569217085838318,
        0.23340968787670135,
        0.2142525464296341,
        0.19773049652576447,
        0.18372371792793274,
        0.1716371774673462,
        0.16080419719219208
    ],
    "accuracy_values": [
        0.7798333168029785,
        0.9037500023841858,
        0.9179500341415405,
        0.9261000156402588,
        0.9338499903678894,
        0.9386667013168335,
        0.942799985408783,
        0.9470999836921692,
        0.9505000114440918,
        0.9535499811172485
    ],
    "val_loss_values": [
        0.36349359154701233,
        0.28818100690841675,
        0.25781479477882385,
        0.23368717730045319,
        0.2235206514596939,
        0.20461449027061462,
        0.1854410022497177,
        0.1748134344816208,
        0.16631026566028595,
        0.15660935640335083
    ],
    "val_accuracy_values": [
        0.8978000283241272,
        0.9185000061988831,
        0.9254999756813049,
        0.9319999814033508,
        0.9315999746322632,
        0.9398000240325928,
        0.9438999891281128,
        0.9483000040054321,
        0.9495000243186951,
        0.9513000249862671
    ],
    "training_time_ms": 221416.10000000894,
    "inference_time_ms": 0.30000001192092896,
    "loss": 0.15660935640335083,
    "accuracy": 0.9513000249862671
}