{
  "loss_values": [
    2.0653345584869385,
    1.4490392208099365,
    0.9169813394546509,
    0.6502039432525635,
    0.5271668434143066,
    0.45674929022789,
    0.41344940662384033,
    0.3807900846004486,
    0.3584057688713074,
    0.34145691990852356
  ],
  "accuracy_values": [
    0.3251666724681854,
    0.6608332991600037,
    0.7870000004768372,
    0.843833327293396,
    0.8671666383743286,
    0.8809999823570251,
    0.8945000171661377,
    0.8993332982063293,
    0.9036666750907898,
    0.9085000157356262
  ],
  "val_loss_values": [
    1.861551284790039,
    1.2566478252410889,
    0.8434298038482666,
    0.6589474081993103,
    0.5651282072067261,
    0.5148427486419678,
    0.4770521819591522,
    0.4506166875362396,
    0.4291980564594269,
    0.4170832633972168
  ],
  "val_accuracy_values": [
    0.5049999952316284,
    0.6830000281333923,
    0.796999990940094,
    0.8240000009536743,
    0.8410000205039978,
    0.8560000061988831,
    0.8679999709129333,
    0.8700000047683716,
    0.878000020980835,
    0.8799999952316284
  ],
  "training_time_ms": 11315.29999999702,
  "inference_time_ms": 0.3999999910593033,
  "loss": 0.4170832633972168,
  "accuracy": 0.8799999952316284
}