{
  "loss_values": [
    0.7823613882064819,
    0.33557090163230896,
    0.2830899655818939,
    0.24970056116580963,
    0.2251124531030655,
    0.20556290447711945,
    0.19011758267879486,
    0.1767689734697342,
    0.1655093878507614,
    0.15569043159484863
  ],
  "accuracy_values": [
    0.7948333621025085,
    0.9050000309944153,
    0.9192833304405212,
    0.9284499883651733,
    0.9351166486740112,
    0.941349983215332,
    0.9452833533287048,
    0.9486666917800903,
    0.9519500136375427,
    0.9552000164985657
  ],
  "val_loss_values": [
    0.35922518372535706,
    0.287492036819458,
    0.2557588517665863,
    0.2373608946800232,
    0.21103887259960175,
    0.2005821019411087,
    0.1846291571855545,
    0.17753908038139343,
    0.16860488057136536,
    0.1594102680683136
  ],
  "val_accuracy_values": [
    0.9017999768257141,
    0.9185000061988831,
    0.9272000193595886,
    0.9302999973297119,
    0.9394999742507935,
    0.9412999749183655,
    0.9458000063896179,
    0.9474999904632568,
    0.9491999745368958,
    0.9517999887466431
  ],
  "training_time_ms": 114467,
  "inference_time_ms": 1.5,
  "loss": 0.1594102680683136,
  "accuracy": 0.9517999887466431
}