{
  "loss_values": [
    1.1921418905258179,
    0.44866400957107544,
    0.3598504066467285,
    0.3200260400772095,
    0.29320040345191956,
    0.27201905846595764,
    0.2548481822013855,
    0.23956307768821716,
    0.2258768081665039,
    0.213229238986969
  ],
  "accuracy_values": [
    0.6543999910354614,
    0.8770666718482971,
    0.8996333479881287,
    0.9105666875839233,
    0.9177666902542114,
    0.9237333536148071,
    0.9278666973114014,
    0.9322333335876465,
    0.935366690158844,
    0.9386333227157593
  ],
  "val_loss_values": [
    0.6298394203186035,
    0.4603865146636963,
    0.40526431798934937,
    0.3787548840045929,
    0.35881656408309937,
    0.3455377221107483,
    0.3223976492881775,
    0.3084789514541626,
    0.29884806275367737,
    0.28745660185813904
  ],
  "val_accuracy_values": [
    0.8191999793052673,
    0.8640000224113464,
    0.8802000284194946,
    0.8917999863624573,
    0.8996000289916992,
    0.8981999754905701,
    0.9097999930381775,
    0.9114000201225281,
    0.9138000011444092,
    0.9172000288963318
  ],
  "training_time_ms": 55469.79999999702,
  "inference_time_ms": 0.8999999910593033,
  "loss": 0.28745660185813904,
  "accuracy": 0.9172000288963318
}