{
    "loss_values": [
        2.1135799884796143,
        1.5376088619232178,
        0.9704579710960388,
        0.6762802004814148,
        0.539754331111908,
        0.4663819670677185,
        0.4179765582084656,
        0.38622671365737915,
        0.36228233575820923,
        0.3417319655418396
    ],
    "accuracy_values": [
        0.32083332538604736,
        0.625,
        0.7724999785423279,
        0.8278332948684692,
        0.8550000190734863,
        0.8723333477973938,
        0.8813333511352539,
        0.8921666741371155,
        0.8973333239555359,
        0.9039999842643738
    ],
    "val_loss_values": [
        1.9079995155334473,
        1.2993837594985962,
        0.8900450468063354,
        0.7040668725967407,
        0.594353437423706,
        0.5441392064094543,
        0.49861031770706177,
        0.47273457050323486,
        0.4527137875556946,
        0.43148696422576904
    ],
    "val_accuracy_values": [
        0.5109999775886536,
        0.7039999961853027,
        0.7739999890327454,
        0.8050000071525574,
        0.8220000267028809,
        0.8379999995231628,
        0.8519999980926514,
        0.8560000061988831,
        0.8650000095367432,
        0.8700000047683716
    ],
    "training_time_ms": 17303.79999999702,
    "inference_time_ms": 0.19999998807907104,
    "loss": 0.43148696422576904,
    "accuracy": 0.8700000047683716
}