{
    "loss_values": [
        1.172774076461792,
        0.43976181745529175,
        0.3621463477611542,
        0.3268241882324219,
        0.30192679166793823,
        0.2799088656902313,
        0.2612791657447815,
        0.24438174068927765,
        0.23033231496810913,
        0.2174573689699173
    ],
    "accuracy_values": [
        0.6787333488464355,
        0.8762333393096924,
        0.8949666619300842,
        0.9054000377655029,
        0.913266658782959,
        0.919700026512146,
        0.9252333641052246,
        0.9297333359718323,
        0.9342666864395142,
        0.9379333257675171
    ],
    "val_loss_values": [
        0.6086184978485107,
        0.4767986238002777,
        0.4252547323703766,
        0.38895973563194275,
        0.3709472715854645,
        0.3376990854740143,
        0.3287026286125183,
        0.3053278923034668,
        0.29664281010627747,
        0.28086015582084656
    ],
    "val_accuracy_values": [
        0.8222000002861023,
        0.8592000007629395,
        0.8781999945640564,
        0.8871999979019165,
        0.8906000256538391,
        0.9043999910354614,
        0.90420001745224,
        0.9138000011444092,
        0.9128000140190125,
        0.9179999828338623
    ],
    "training_time_ms": 106343.90000000596,
    "inference_time_ms": 0.5999999940395355,
    "loss": 0.28086015582084656,
    "accuracy": 0.9179999828338623
}