{
  "loss_values": [
    16.440695690428203,
    15.976807640905035,
    15.233816248990868,
    14.111855544659713,
    12.538816200395983,
    11.321355269923961,
    10.173456404330933,
    9.121476001274733,
    8.145326336363613,
    7.306630377899388
  ],
  "accuracy_values": [
    0.15714285714285714,
    0.2857142857142857,
    0.42857142857142855,
    0.5714285714285714,
    0.5714285714285714,
    0.6,
    0.6571428571428571,
    0.7428571428571429,
    0.7857142857142857,
    0.8428571428571429
  ],
  "val_loss_values": [
    16.30274464595154,
    15.953785582311536,
    15.298496372092732,
    14.32472274492718,
    13.517128692394335,
    12.95280336970907,
    12.524633195763915,
    12.045384643820991,
    11.670174338172748,
    11.272848204193158
  ],
  "val_accuracy_values": [
    0.17828082769666376,
    0.2520842568891304,
    0.3448211757639892,
    0.3518997840666962,
    0.37716827067454134,
    0.41716598263953436,
    0.4442505970341346,
    0.4783566188562685,
    0.5064708490039898,
    0.5280212787255645
  ],
  "training_time_ms": 62280.20000000298,
  "inference_time_ms": 6244,
  "loss": 11.272848204193158,
  "accuracy": 0.5280212787255645
}