{
  "loss_values": [
    14.239635467734836,
    9.372209190146755,
    6.653831783796047,
    5.066628914108195,
    4.053106385782375,
    3.3702202955880276,
    2.856455443789723,
    2.4192851964498705,
    2.0695501793291076,
    1.7493080570442494
  ],
  "accuracy_values": [
    0.42714285714285716,
    0.71,
    0.8128571428571428,
    0.8642857142857143,
    0.9014285714285715,
    0.9242857142857143,
    0.9342857142857143,
    0.9471428571428572,
    0.9671428571428572,
    0.9757142857142858
  ],
  "val_loss_values": [
    12.155171209212932,
    8.93686596412952,
    7.3081451654512595,
    6.376529791231952,
    5.699308320872919,
    5.185132967936003,
    4.8265828156415616,
    4.498859641541201,
    4.2969281622555275,
    4.132088220490774
  ],
  "val_accuracy_values": [
    0.5516241215601957,
    0.6770804773517656,
    0.7322760790198993,
    0.7636906737470959,
    0.7906751901181835,
    0.8089582822262947,
    0.8203437279037216,
    0.8300264073074648,
    0.8329124518391319,
    0.8348172412300322
  ],
  "training_time_ms": 64725.40000000596,
  "inference_time_ms": 6319.79999999702,
  "loss": 4.132088220490774,
  "accuracy": 0.8348172412300322
}