{
    "loss_values": [
        1.2533642053604126,
        0.4401155412197113,
        0.3468760848045349,
        0.3101045489311218,
        0.2853502631187439,
        0.26552432775497437,
        0.25023314356803894,
        0.2362878918647766,
        0.22389578819274902,
        0.21329785883426666
    ],
    "accuracy_values": [
        0.6647999882698059,
        0.8792666792869568,
        0.9021000266075134,
        0.912933349609375,
        0.9192000031471252,
        0.925000011920929,
        0.9292333722114563,
        0.93340003490448,
        0.9366000294685364,
        0.9399333596229553
    ],
    "val_loss_values": [
        0.6275036334991455,
        0.45027515292167664,
        0.3983611464500427,
        0.3660455346107483,
        0.34615200757980347,
        0.3266507685184479,
        0.316179484128952,
        0.3072947561740875,
        0.2902446985244751,
        0.2835589647293091
    ],
    "val_accuracy_values": [
        0.8349999785423279,
        0.866599977016449,
        0.8838000297546387,
        0.8985999822616577,
        0.901199996471405,
        0.9093999862670898,
        0.9136000275611877,
        0.909600019454956,
        0.9172000288963318,
        0.9182000160217285
    ],
    "training_time_ms": 107642.5,
    "inference_time_ms": 0.19999998807907104,
    "loss": 0.2835589647293091,
    "accuracy": 0.9182000160217285
}