{
    "loss_values": [
        0.7780237793922424,
        0.3347111642360687,
        0.2814685106277466,
        0.24651655554771423,
        0.22141382098197937,
        0.2026783525943756,
        0.18745803833007812,
        0.17518748342990875,
        0.1647578477859497,
        0.1555613875389099
    ],
    "accuracy_values": [
        0.7884500026702881,
        0.9034333229064941,
        0.9183333516120911,
        0.9290000200271606,
        0.9367166757583618,
        0.942050039768219,
        0.9456833600997925,
        0.9493499994277954,
        0.9523333311080933,
        0.9553000330924988
    ],
    "val_loss_values": [
        0.357446551322937,
        0.2891743779182434,
        0.2566033899784088,
        0.23248347640037537,
        0.21505144238471985,
        0.196298748254776,
        0.1822708398103714,
        0.17370814085006714,
        0.16533797979354858,
        0.15969163179397583
    ],
    "val_accuracy_values": [
        0.8970999717712402,
        0.9182999730110168,
        0.9247999787330627,
        0.9322999715805054,
        0.9365000128746033,
        0.9435999989509583,
        0.9462000131607056,
        0.9498000144958496,
        0.9523000121116638,
        0.955299973487854
    ],
    "training_time_ms": 222253.20000000298,
    "inference_time_ms": 0.20000000298023224,
    "loss": 0.15969163179397583,
    "accuracy": 0.955299973487854
}