{
    "loss_values": [
        2.061098098754883,
        1.3929669857025146,
        0.8653379082679749,
        0.6316627264022827,
        0.5187973380088806,
        0.45352494716644287,
        0.41197118163108826,
        0.3806346356868744,
        0.3578486740589142,
        0.3374912142753601
    ],
    "accuracy_values": [
        0.35616666078567505,
        0.6439999938011169,
        0.8116666674613953,
        0.8495000004768372,
        0.8683333396911621,
        0.8806666731834412,
        0.8889999985694885,
        0.8976666331291199,
        0.9016666412353516,
        0.9079999923706055
    ],
    "val_loss_values": [
        1.8303780555725098,
        1.1576602458953857,
        0.8034584522247314,
        0.6479076743125916,
        0.5620983242988586,
        0.5186699032783508,
        0.48967188596725464,
        0.46109309792518616,
        0.4392552673816681,
        0.41958755254745483
    ],
    "val_accuracy_values": [
        0.4950000047683716,
        0.7329999804496765,
        0.8069999814033508,
        0.8330000042915344,
        0.847000002861023,
        0.8489999771118164,
        0.8579999804496765,
        0.8709999918937683,
        0.875,
        0.8769999742507935
    ],
    "training_time_ms": 21481.5,
    "inference_time_ms": 0.30000001192092896,
    "loss": 0.41958755254745483,
    "accuracy": 0.8769999742507935
}