{
    "loss_values": [
        2.108278512954712,
        1.5419968366622925,
        0.9969139695167542,
        0.7030891180038452,
        0.5643330812454224,
        0.4886898696422577,
        0.44025373458862305,
        0.4076540172100067,
        0.3817879259586334,
        0.36274975538253784
    ],
    "accuracy_values": [
        0.3243333399295807,
        0.5853333473205566,
        0.7838333249092102,
        0.8351666331291199,
        0.8571666479110718,
        0.8729999661445618,
        0.8830000162124634,
        0.890999972820282,
        0.8958333134651184,
        0.9004999995231628
    ],
    "val_loss_values": [
        1.9596837759017944,
        1.366716742515564,
        0.9432743191719055,
        0.7585046291351318,
        0.6229565143585205,
        0.5618161559104919,
        0.5249342322349548,
        0.49786314368247986,
        0.4624077081680298,
        0.43955862522125244
    ],
    "val_accuracy_values": [
        0.3960000276565552,
        0.6710000038146973,
        0.7560000419616699,
        0.7730000615119934,
        0.8200000524520874,
        0.8390000462532043,
        0.843000054359436,
        0.8530000448226929,
        0.8710000514984131,
        0.8770000338554382
    ],
    "training_time_ms": 4920.20000000298,
    "inference_time_ms": 0.4000000059604645,
    "loss": 0.43955862522125244,
    "accuracy": 0.8770000338554382
}