{
    "loss_values": [
        1.3055779933929443,
        0.4741652011871338,
        0.37495508790016174,
        0.32928770780563354,
        0.2993372082710266,
        0.2768888473510742,
        0.2588551938533783,
        0.2437499314546585,
        0.23102769255638123,
        0.21881020069122314
    ],
    "accuracy_values": [
        0.6417999863624573,
        0.8684999942779541,
        0.8935333490371704,
        0.9070333242416382,
        0.9149667024612427,
        0.9208666682243347,
        0.9260666966438293,
        0.9304333329200745,
        0.9342666864395142,
        0.9375
    ],
    "val_loss_values": [
        0.6699780225753784,
        0.48959386348724365,
        0.425180047750473,
        0.3837745189666748,
        0.35775408148765564,
        0.3411113917827606,
        0.32105696201324463,
        0.2995398938655853,
        0.2949313223361969,
        0.28621479868888855
    ],
    "val_accuracy_values": [
        0.8142000436782837,
        0.8598000407218933,
        0.8802000284194946,
        0.8924000263214111,
        0.8992000222206116,
        0.9038000702857971,
        0.9058000445365906,
        0.9128000140190125,
        0.9134000539779663,
        0.9148000478744507
    ],
    "training_time_ms": 23800.90000000596,
    "inference_time_ms": 0.20000000298023224,
    "loss": 0.28621479868888855,
    "accuracy": 0.9148000478744507
}