{
    "loss_values": [
        0.7967640161514282,
        0.34262269735336304,
        0.2868504226207733,
        0.2533372938632965,
        0.2296392023563385,
        0.2119886577129364,
        0.19680003821849823,
        0.18396702408790588,
        0.17253413796424866,
        0.16280843317508698
    ],
    "accuracy_values": [
        0.7752833366394043,
        0.9019166827201843,
        0.9177500009536743,
        0.9273499846458435,
        0.9345499873161316,
        0.9391999840736389,
        0.9429666996002197,
        0.9470166563987732,
        0.9501833319664001,
        0.9529333710670471
    ],
    "val_loss_values": [
        0.3805529773235321,
        0.29374226927757263,
        0.2605743706226349,
        0.23914866149425507,
        0.22327789664268494,
        0.21211344003677368,
        0.19548092782497406,
        0.18586622178554535,
        0.17966167628765106,
        0.1672353744506836
    ],
    "val_accuracy_values": [
        0.8905000686645508,
        0.9150000214576721,
        0.9252000451087952,
        0.9315000176429749,
        0.9344000220298767,
        0.9372000694274902,
        0.9415000677108765,
        0.9467000365257263,
        0.947100043296814,
        0.9518000483512878
    ],
    "training_time_ms": 48592.59999999404,
    "inference_time_ms": 1.199999988079071,
    "loss": 0.1672353744506836,
    "accuracy": 0.9518000483512878
}