{
    "loss_values": [
        0.7489944100379944,
        0.32577410340309143,
        0.2731480598449707,
        0.24071696400642395,
        0.21793651580810547,
        0.19945287704467773,
        0.18475252389907837,
        0.1724204421043396,
        0.1615995317697525,
        0.15256421267986298
    ],
    "accuracy_values": [
        0.7955999970436096,
        0.9068999886512756,
        0.9217833280563354,
        0.9297500252723694,
        0.9376500248908997,
        0.9420000314712524,
        0.946316659450531,
        0.949916660785675,
        0.9529500007629395,
        0.956166684627533
    ],
    "val_loss_values": [
        0.34775394201278687,
        0.2787047028541565,
        0.2441263645887375,
        0.2225782424211502,
        0.2005872279405594,
        0.1888885647058487,
        0.17857037484645844,
        0.17545606195926666,
        0.1610940396785736,
        0.1544068306684494
    ],
    "val_accuracy_values": [
        0.9004999995231628,
        0.9215999841690063,
        0.9293000102043152,
        0.9369000196456909,
        0.9416999816894531,
        0.9455000162124634,
        0.9480999708175659,
        0.9484999775886536,
        0.9531999826431274,
        0.9564999938011169
    ],
    "training_time_ms": 113785.70000000298,
    "inference_time_ms": 0.4000000059604645,
    "loss": 0.1544068306684494,
    "accuracy": 0.9564999938011169
}