{
    "loss_values": [
        1.2653919458389282,
        0.4624178409576416,
        0.3659490942955017,
        0.32330524921417236,
        0.2961689531803131,
        0.2746577262878418,
        0.2573836147785187,
        0.24367502331733704,
        0.23042115569114685,
        0.21958890557289124
    ],
    "accuracy_values": [
        0.6347000002861023,
        0.8694999814033508,
        0.8982333540916443,
        0.9091333150863647,
        0.916366696357727,
        0.921500027179718,
        0.9262999892234802,
        0.9302666783332825,
        0.934333324432373,
        0.9375
    ],
    "val_loss_values": [
        0.655647337436676,
        0.47678858041763306,
        0.41762495040893555,
        0.37793147563934326,
        0.35234299302101135,
        0.3332292437553406,
        0.31768009066581726,
        0.31371280550956726,
        0.2953973412513733,
        0.2874165177345276
    ],
    "val_accuracy_values": [
        0.8077999949455261,
        0.8600000143051147,
        0.8781999945640564,
        0.8876000046730042,
        0.8956000208854675,
        0.9031999707221985,
        0.9057999849319458,
        0.9038000106811523,
        0.9138000011444092,
        0.9164000153541565
    ],
    "training_time_ms": 57908.79999999702,
    "inference_time_ms": 0.5999999940395355,
    "loss": 0.2874165177345276,
    "accuracy": 0.9164000153541565
}