{
    "loss_values": [
        2.1665635108947754,
        1.6846230030059814,
        1.1159859895706177,
        0.774163007736206,
        0.6080263257026672,
        0.5145750641822815,
        0.45556527376174927,
        0.416016161441803,
        0.38454753160476685,
        0.36113184690475464
    ],
    "accuracy_values": [
        0.25083333253860474,
        0.5448333024978638,
        0.7248333096504211,
        0.8029999732971191,
        0.8386666774749756,
        0.8616666793823242,
        0.8773333430290222,
        0.8901666402816772,
        0.8956666588783264,
        0.903166651725769
    ],
    "val_loss_values": [
        2.020087718963623,
        1.4670581817626953,
        1.012673020362854,
        0.7823668718338013,
        0.6551249623298645,
        0.5811372399330139,
        0.5385048389434814,
        0.500302791595459,
        0.46844908595085144,
        0.446709543466568
    ],
    "val_accuracy_values": [
        0.4399999976158142,
        0.6179999709129333,
        0.7160000205039978,
        0.7639999985694885,
        0.7900000214576721,
        0.8270000219345093,
        0.8370000123977661,
        0.8529999852180481,
        0.8560000061988831,
        0.8629999756813049
    ],
    "training_time_ms": 11178,
    "inference_time_ms": 2.2000000029802322,
    "loss": 0.446709543466568,
    "accuracy": 0.8629999756813049
}