{
    "loss_values": [
        1.1591368913650513,
        0.42866331338882446,
        0.35100850462913513,
        0.31303152441978455,
        0.28750813007354736,
        0.2681029736995697,
        0.25106674432754517,
        0.23565179109573364,
        0.22332391142845154,
        0.2119128704071045
    ],
    "accuracy_values": [
        0.6741999983787537,
        0.8827999830245972,
        0.900600016117096,
        0.9120666980743408,
        0.9190333485603333,
        0.9241999983787537,
        0.9283333420753479,
        0.9331333637237549,
        0.9366000294685364,
        0.9404667019844055
    ],
    "val_loss_values": [
        0.6005512475967407,
        0.46162137389183044,
        0.41455990076065063,
        0.3755635917186737,
        0.34929022192955017,
        0.3304847180843353,
        0.31991490721702576,
        0.2992406189441681,
        0.28607311844825745,
        0.27066370844841003
    ],
    "val_accuracy_values": [
        0.8375999927520752,
        0.8640000224113464,
        0.8817999958992004,
        0.8912000060081482,
        0.9034000039100647,
        0.9061999917030334,
        0.9079999923706055,
        0.9120000004768372,
        0.9182000160217285,
        0.921999990940094
    ],
    "training_time_ms": 55900.20000000298,
    "inference_time_ms": 0.6000000089406967,
    "loss": 0.27066370844841003,
    "accuracy": 0.921999990940094
}