{
    "loss_values": [
        2.099796772003174,
        1.4794843196868896,
        0.9621363282203674,
        0.7000449895858765,
        0.5668370127677917,
        0.4897765517234802,
        0.43896985054016113,
        0.402834415435791,
        0.3762279748916626,
        0.3558231294155121
    ],
    "accuracy_values": [
        0.3658333420753479,
        0.6175000071525574,
        0.7703333497047424,
        0.8276666402816772,
        0.8568333387374878,
        0.8725000023841858,
        0.887499988079071,
        0.893666684627533,
        0.9003333449363708,
        0.9039999842643738
    ],
    "val_loss_values": [
        1.877901315689087,
        1.2652370929718018,
        0.898749828338623,
        0.7130550146102905,
        0.6137304902076721,
        0.5544597506523132,
        0.5178594589233398,
        0.49141669273376465,
        0.4671874940395355,
        0.4510764479637146
    ],
    "val_accuracy_values": [
        0.4950000047683716,
        0.6800000071525574,
        0.7559999823570251,
        0.8130000233650208,
        0.828000009059906,
        0.843999981880188,
        0.8510000109672546,
        0.8600000143051147,
        0.8560000061988831,
        0.8690000176429749
    ],
    "training_time_ms": 11687.70000000298,
    "inference_time_ms": 0.30000001192092896,
    "loss": 0.4510764479637146,
    "accuracy": 0.8690000176429749
}