{
    "loss_values": [
        0.8183705806732178,
        0.33988773822784424,
        0.28477582335472107,
        0.251316100358963,
        0.22654683887958527,
        0.20649036765098572,
        0.1900477558374405,
        0.17557713389396667,
        0.16384883224964142,
        0.15404678881168365
    ],
    "accuracy_values": [
        0.7747499942779541,
        0.9026666879653931,
        0.918666660785675,
        0.9281499981880188,
        0.9351666569709778,
        0.9404000043869019,
        0.9456833600997925,
        0.9491167068481445,
        0.952833354473114,
        0.9557666778564453
    ],
    "val_loss_values": [
        0.36890822649002075,
        0.3030957877635956,
        0.2566699981689453,
        0.2319590151309967,
        0.21258196234703064,
        0.1967235952615738,
        0.18491166830062866,
        0.17561018466949463,
        0.16392208635807037,
        0.1593063622713089
    ],
    "val_accuracy_values": [
        0.8967999815940857,
        0.9129999876022339,
        0.9230999946594238,
        0.9326000213623047,
        0.9401000142097473,
        0.9431999921798706,
        0.9455000162124634,
        0.9473999738693237,
        0.9526000022888184,
        0.9534000158309937
    ],
    "training_time_ms": 113421.5,
    "inference_time_ms": 0.5,
    "loss": 0.1593063622713089,
    "accuracy": 0.9534000158309937
}