{
    "loss_values": [
        1.2563234567642212,
        0.45413655042648315,
        0.3611031472682953,
        0.32220181822776794,
        0.2966527044773102,
        0.27835971117019653,
        0.26155051589012146,
        0.2480560839176178,
        0.23693189024925232,
        0.22512845695018768
    ],
    "accuracy_values": [
        0.6380666494369507,
        0.8767666816711426,
        0.8990333676338196,
        0.9090333580970764,
        0.9158000349998474,
        0.9218666553497314,
        0.9258666634559631,
        0.9297666549682617,
        0.9331666827201843,
        0.9359000325202942
    ],
    "val_loss_values": [
        0.652410089969635,
        0.46640101075172424,
        0.41060417890548706,
        0.3768389821052551,
        0.368962824344635,
        0.34452855587005615,
        0.33606216311454773,
        0.3351040780544281,
        0.30661076307296753,
        0.29720044136047363
    ],
    "val_accuracy_values": [
        0.8214000463485718,
        0.8696000576019287,
        0.8800000548362732,
        0.8910000324249268,
        0.894800066947937,
        0.8998000621795654,
        0.9020000696182251,
        0.9008000493049622,
        0.9110000729560852,
        0.9128000140190125
    ],
    "training_time_ms": 23768.60000000894,
    "inference_time_ms": 0.20000000298023224,
    "loss": 0.29720044136047363,
    "accuracy": 0.9128000140190125
}