{
    "loss_values": [
        2.137969732284546,
        1.6320561170578003,
        1.0550668239593506,
        0.7326363325119019,
        0.5775785446166992,
        0.49350300431251526,
        0.4414137601852417,
        0.4066603481769562,
        0.3783124089241028,
        0.35770002007484436
    ],
    "accuracy_values": [
        0.2718333303928375,
        0.5136666893959045,
        0.7581666707992554,
        0.8278332948684692,
        0.856166660785675,
        0.8723333477973938,
        0.8798333406448364,
        0.890999972820282,
        0.8981666564941406,
        0.903333306312561
    ],
    "val_loss_values": [
        1.9511089324951172,
        1.3948997259140015,
        0.9677290320396423,
        0.7482056021690369,
        0.6345905661582947,
        0.5683209300041199,
        0.5192683339118958,
        0.48445796966552734,
        0.46289634704589844,
        0.43722936511039734
    ],
    "val_accuracy_values": [
        0.3500000238418579,
        0.6140000224113464,
        0.7440000176429749,
        0.8010000586509705,
        0.8180000185966492,
        0.8330000638961792,
        0.8500000238418579,
        0.8640000224113464,
        0.862000048160553,
        0.878000020980835
    ],
    "training_time_ms": 4918.100000008941,
    "inference_time_ms": 0.29999999701976776,
    "loss": 0.43722936511039734,
    "accuracy": 0.878000020980835
}