{
    "loss_values": [
        0.8733788132667542,
        0.3397020101547241,
        0.2815338671207428,
        0.24811024963855743,
        0.22356589138507843,
        0.2037697583436966,
        0.1879511922597885,
        0.17500105500221252,
        0.16442708671092987,
        0.15507389605045319
    ],
    "accuracy_values": [
        0.748199999332428,
        0.9014000296592712,
        0.9179999828338623,
        0.9273333549499512,
        0.9343166947364807,
        0.9413000345230103,
        0.9451333284378052,
        0.9488000273704529,
        0.952666699886322,
        0.9549166560173035
    ],
    "val_loss_values": [
        0.3744213581085205,
        0.29309627413749695,
        0.25731387734413147,
        0.22980426251888275,
        0.20958374440670013,
        0.19437876343727112,
        0.18197399377822876,
        0.17017143964767456,
        0.16737931966781616,
        0.1577238142490387
    ],
    "val_accuracy_values": [
        0.8892000317573547,
        0.9124000668525696,
        0.9253000617027283,
        0.9343000650405884,
        0.938800036907196,
        0.9432000517845154,
        0.9473000168800354,
        0.9496000409126282,
        0.9493000507354736,
        0.951900064945221
    ],
    "training_time_ms": 49338.70000000298,
    "inference_time_ms": 0.9000000059604645,
    "loss": 0.1577238142490387,
    "accuracy": 0.951900064945221
}