{
    "loss_values": [
        0.8003860712051392,
        0.3440611958503723,
        0.28880634903907776,
        0.25268808007240295,
        0.226088285446167,
        0.2057059109210968,
        0.18979115784168243,
        0.1766996830701828,
        0.1661064177751541,
        0.15703797340393066
    ],
    "accuracy_values": [
        0.7778333425521851,
        0.9006666541099548,
        0.9161666631698608,
        0.9267500042915344,
        0.934333324432373,
        0.9405666589736938,
        0.9445333480834961,
        0.9483333230018616,
        0.9517166614532471,
        0.9537000060081482
    ],
    "val_loss_values": [
        0.3679962754249573,
        0.2930419445037842,
        0.25709661841392517,
        0.22712302207946777,
        0.21895238757133484,
        0.18961362540721893,
        0.17846529185771942,
        0.17195634543895721,
        0.16170841455459595,
        0.15392208099365234
    ],
    "val_accuracy_values": [
        0.89410001039505,
        0.9168999791145325,
        0.9257000088691711,
        0.9341999888420105,
        0.9358000159263611,
        0.9434000253677368,
        0.9484999775886536,
        0.9490000009536743,
        0.9516000151634216,
        0.9527000188827515
    ],
    "training_time_ms": 113513.39999999106,
    "inference_time_ms": 1.4000000059604645,
    "loss": 0.15392208099365234,
    "accuracy": 0.9527000188827515
}