{
    "loss_values": [
        2.173138380050659,
        1.6565136909484863,
        1.0330010652542114,
        0.7160393595695496,
        0.5735607147216797,
        0.49234887957572937,
        0.43732622265815735,
        0.3975962698459625,
        0.3687586188316345,
        0.3442869484424591
    ],
    "accuracy_values": [
        0.23333333432674408,
        0.5586666464805603,
        0.7563333511352539,
        0.8184999823570251,
        0.8466666340827942,
        0.8675000071525574,
        0.8831666707992554,
        0.8956666588783264,
        0.9016666412353516,
        0.9048333168029785
    ],
    "val_loss_values": [
        2.0091748237609863,
        1.39126718044281,
        0.9311021566390991,
        0.7202212810516357,
        0.6107149720191956,
        0.5419657230377197,
        0.501636803150177,
        0.46450313925743103,
        0.44531500339508057,
        0.4308956563472748
    ],
    "val_accuracy_values": [
        0.38600000739097595,
        0.6380000114440918,
        0.7590000033378601,
        0.8069999814033508,
        0.8259999752044678,
        0.8479999899864197,
        0.8489999771118164,
        0.8690000176429749,
        0.8629999756813049,
        0.8740000128746033
    ],
    "training_time_ms": 11631.60000000894,
    "inference_time_ms": 0.5999999940395355,
    "loss": 0.4308956563472748,
    "accuracy": 0.8740000128746033
}