{
    "loss_values": [
        1.172351360321045,
        0.44496920704841614,
        0.357779860496521,
        0.31656357645988464,
        0.2894761860370636,
        0.26830506324768066,
        0.2512527406215668,
        0.23698444664478302,
        0.2239776849746704,
        0.2137710005044937
    ],
    "accuracy_values": [
        0.6633333563804626,
        0.8756999969482422,
        0.8984333276748657,
        0.9097999930381775,
        0.9180999994277954,
        0.9236000180244446,
        0.928600013256073,
        0.9331333637237549,
        0.9358333349227905,
        0.9387666583061218
    ],
    "val_loss_values": [
        0.6138287782669067,
        0.46808379888534546,
        0.4077582061290741,
        0.3663814663887024,
        0.34652581810951233,
        0.32758668065071106,
        0.3118738830089569,
        0.30222055315971375,
        0.29045113921165466,
        0.27427902817726135
    ],
    "val_accuracy_values": [
        0.8266000151634216,
        0.8604000210762024,
        0.8794000148773193,
        0.8898000121116638,
        0.8992000222206116,
        0.899399995803833,
        0.9074000120162964,
        0.9071999788284302,
        0.9120000004768372,
        0.9204000234603882
    ],
    "training_time_ms": 57867.29999999702,
    "inference_time_ms": 0.5999999940395355,
    "loss": 0.27427902817726135,
    "accuracy": 0.9204000234603882
}