{
    "loss_values": [
        2.0332796573638916,
        1.3065879344940186,
        0.8148017525672913,
        0.6026650071144104,
        0.4985027611255646,
        0.4368521273136139,
        0.39760708808898926,
        0.37024664878845215,
        0.3484148681163788,
        0.3309142589569092
    ],
    "accuracy_values": [
        0.45116665959358215,
        0.7088333368301392,
        0.8100000023841858,
        0.8495000004768372,
        0.8704999685287476,
        0.8851666450500488,
        0.893833339214325,
        0.9001666307449341,
        0.9054999947547913,
        0.9114999771118164
    ],
    "val_loss_values": [
        1.7445459365844727,
        1.0934793949127197,
        0.780045747756958,
        0.6318953633308411,
        0.560653030872345,
        0.4993850886821747,
        0.4806775152683258,
        0.44700759649276733,
        0.4260341227054596,
        0.42297202348709106
    ],
    "val_accuracy_values": [
        0.6200000047683716,
        0.7260000109672546,
        0.7960000038146973,
        0.8289999961853027,
        0.8429999947547913,
        0.8650000095367432,
        0.8619999885559082,
        0.8730000257492065,
        0.8799999952316284,
        0.8679999709129333
    ],
    "training_time_ms": 17947.5,
    "inference_time_ms": 0.6000000089406967,
    "loss": 0.42297202348709106,
    "accuracy": 0.8679999709129333
}