{
    "loss_values": [
        1.2860536575317383,
        0.4940507411956787,
        0.3840714991092682,
        0.33857932686805725,
        0.3102976679801941,
        0.2872447967529297,
        0.2694834768772125,
        0.2540367841720581,
        0.24070857465267181,
        0.228424072265625
    ],
    "accuracy_values": [
        0.6344666481018066,
        0.8619666695594788,
        0.89083331823349,
        0.9023000001907349,
        0.9104666709899902,
        0.9174000024795532,
        0.9217666983604431,
        0.9279333353042603,
        0.9318000078201294,
        0.9348666667938232
    ],
    "val_loss_values": [
        0.700835108757019,
        0.5011652112007141,
        0.4282958209514618,
        0.3926641047000885,
        0.36139410734176636,
        0.34747418761253357,
        0.32622942328453064,
        0.3128492534160614,
        0.3012840151786804,
        0.2908262610435486
    ],
    "val_accuracy_values": [
        0.7990000247955322,
        0.8522000312805176,
        0.8754000663757324,
        0.8806000351905823,
        0.8926000595092773,
        0.8986000418663025,
        0.9052000641822815,
        0.9068000316619873,
        0.9118000268936157,
        0.9150000214576721
    ],
    "training_time_ms": 23631.20000000298,
    "inference_time_ms": 0.29999999701976776,
    "loss": 0.2908262610435486,
    "accuracy": 0.9150000214576721
}