{
    "loss_values": [
        2.1289405822753906,
        1.5072333812713623,
        0.8934771418571472,
        0.6211256980895996,
        0.5019655823707581,
        0.4363209307193756,
        0.3963760435581207,
        0.3679625988006592,
        0.34537962079048157,
        0.33058232069015503
    ],
    "accuracy_values": [
        0.2915000021457672,
        0.6675000190734863,
        0.8100000023841858,
        0.8604999780654907,
        0.8765000104904175,
        0.8869999647140503,
        0.8956666588783264,
        0.9023333191871643,
        0.9079999923706055,
        0.9111666679382324
    ],
    "val_loss_values": [
        1.9196161031723022,
        1.2243890762329102,
        0.8056387305259705,
        0.6334444880485535,
        0.537215530872345,
        0.49429479241371155,
        0.46072912216186523,
        0.43925154209136963,
        0.42835962772369385,
        0.4081234931945801
    ],
    "val_accuracy_values": [
        0.51500004529953,
        0.7350000143051147,
        0.8130000233650208,
        0.843000054359436,
        0.8680000305175781,
        0.8670000433921814,
        0.8720000386238098,
        0.8710000514984131,
        0.8760000467300415,
        0.8830000162124634
    ],
    "training_time_ms": 4917.5,
    "inference_time_ms": 0.30000001192092896,
    "loss": 0.4081234931945801,
    "accuracy": 0.8830000162124634
}