{
    "loss_values": [
        0.8160118460655212,
        0.3484695255756378,
        0.29242610931396484,
        0.25579026341438293,
        0.22866268455982208,
        0.2066958099603653,
        0.18885479867458344,
        0.17515811324119568,
        0.1633143275976181,
        0.15357643365859985
    ],
    "accuracy_values": [
        0.7768666744232178,
        0.9007166624069214,
        0.91593337059021,
        0.9255000352859497,
        0.9343500137329102,
        0.940500020980835,
        0.9452666640281677,
        0.9499000310897827,
        0.9528833627700806,
        0.9558500051498413
    ],
    "val_loss_values": [
        0.39052775502204895,
        0.2992139160633087,
        0.261818528175354,
        0.2334110289812088,
        0.2168160080909729,
        0.19437208771705627,
        0.18301962316036224,
        0.17236943542957306,
        0.16543957591056824,
        0.1596474051475525
    ],
    "val_accuracy_values": [
        0.885200023651123,
        0.9105000495910645,
        0.9241000413894653,
        0.9321000576019287,
        0.9353000521659851,
        0.9412000179290771,
        0.9424000382423401,
        0.9472000598907471,
        0.9500000476837158,
        0.9513000249862671
    ],
    "training_time_ms": 49785.5,
    "inference_time_ms": 1.4000000059604645,
    "loss": 0.1596474051475525,
    "accuracy": 0.9513000249862671
}