{
    "loss_values": [
        1.1121338605880737,
        0.42379945516586304,
        0.348560094833374,
        0.3144528567790985,
        0.2902909815311432,
        0.2694393992424011,
        0.2522439658641815,
        0.23693743348121643,
        0.22408318519592285,
        0.21280451118946075
    ],
    "accuracy_values": [
        0.7036333680152893,
        0.8838666677474976,
        0.9007666707038879,
        0.9094666838645935,
        0.9165666699409485,
        0.9219000339508057,
        0.926800012588501,
        0.9311333298683167,
        0.9344333410263062,
        0.9391999840736389
    ],
    "val_loss_values": [
        0.6087639927864075,
        0.45301392674446106,
        0.4118647873401642,
        0.38861846923828125,
        0.3610151708126068,
        0.33453989028930664,
        0.31799280643463135,
        0.3112218379974365,
        0.28913846611976624,
        0.27846458554267883
    ],
    "val_accuracy_values": [
        0.8327999711036682,
        0.871999979019165,
        0.8758000135421753,
        0.885200023651123,
        0.8967999815940857,
        0.901199996471405,
        0.9079999923706055,
        0.9101999998092651,
        0.9121999740600586,
        0.9151999950408936
    ],
    "training_time_ms": 55579.19999998808,
    "inference_time_ms": 0.5,
    "loss": 0.27846458554267883,
    "accuracy": 0.9151999950408936
}