{
    "loss_values": [
        2.158001661300659,
        1.5631473064422607,
        0.9858804941177368,
        0.6909493803977966,
        0.5522170066833496,
        0.47382405400276184,
        0.4241495430469513,
        0.3889339566230774,
        0.3647831082344055,
        0.34416463971138
    ],
    "accuracy_values": [
        0.28200000524520874,
        0.6153333187103271,
        0.7649999856948853,
        0.8328333497047424,
        0.8644999861717224,
        0.8761666417121887,
        0.8901666402816772,
        0.9006666541099548,
        0.9018332958221436,
        0.909333348274231
    ],
    "val_loss_values": [
        1.9469407796859741,
        1.327216625213623,
        0.9097095131874084,
        0.7102513313293457,
        0.6098749041557312,
        0.5407710671424866,
        0.499477356672287,
        0.46541449427604675,
        0.4527706801891327,
        0.4384441673755646
    ],
    "val_accuracy_values": [
        0.46299999952316284,
        0.6489999890327454,
        0.7419999837875366,
        0.8040000200271606,
        0.8379999995231628,
        0.8560000061988831,
        0.8629999756813049,
        0.8709999918937683,
        0.8690000176429749,
        0.8730000257492065
    ],
    "training_time_ms": 11797.89999999106,
    "inference_time_ms": 0.9000000059604645,
    "loss": 0.4384441673755646,
    "accuracy": 0.8730000257492065
}