{
    "loss_values": [
        0.8687633275985718,
        0.3397499918937683,
        0.2823602557182312,
        0.24773213267326355,
        0.22245672345161438,
        0.2026175856590271,
        0.18719826638698578,
        0.17397485673427582,
        0.1633569747209549,
        0.15350785851478577
    ],
    "accuracy_values": [
        0.7494500279426575,
        0.9021999835968018,
        0.9191666841506958,
        0.9295499920845032,
        0.9368667006492615,
        0.9417166709899902,
        0.945983350276947,
        0.9492166638374329,
        0.9527000188827515,
        0.9556666612625122
    ],
    "val_loss_values": [
        0.36763930320739746,
        0.29486069083213806,
        0.2562888562679291,
        0.2367723137140274,
        0.20393958687782288,
        0.19286397099494934,
        0.1788770854473114,
        0.16848266124725342,
        0.16571290791034698,
        0.15375907719135284
    ],
    "val_accuracy_values": [
        0.8938000202178955,
        0.9121999740600586,
        0.925000011920929,
        0.9314000010490417,
        0.9384999871253967,
        0.9417999982833862,
        0.9460999965667725,
        0.9502999782562256,
        0.9495999813079834,
        0.953499972820282
    ],
    "training_time_ms": 217157.90000000596,
    "inference_time_ms": 0.30000001192092896,
    "loss": 0.15375907719135284,
    "accuracy": 0.953499972820282
}