{
    "loss_values": [
        2.081634283065796,
        1.4203635454177856,
        0.8710696697235107,
        0.6281224489212036,
        0.5152197480201721,
        0.4499554932117462,
        0.4090265929698944,
        0.37845560908317566,
        0.35508841276168823,
        0.33550506830215454
    ],
    "accuracy_values": [
        0.3566666543483734,
        0.6639999747276306,
        0.8051666617393494,
        0.8443333506584167,
        0.8668333292007446,
        0.878333330154419,
        0.8883333206176758,
        0.8946666717529297,
        0.8996666669845581,
        0.9048333168029785
    ],
    "val_loss_values": [
        1.8680378198623657,
        1.2182852029800415,
        0.8409602046012878,
        0.6683701276779175,
        0.5772127509117126,
        0.5293752551078796,
        0.4863815903663635,
        0.4543950855731964,
        0.44368937611579895,
        0.4200904965400696
    ],
    "val_accuracy_values": [
        0.46000000834465027,
        0.7070000171661377,
        0.7990000247955322,
        0.8209999799728394,
        0.8399999737739563,
        0.8379999995231628,
        0.8610000014305115,
        0.8650000095367432,
        0.8679999709129333,
        0.8759999871253967
    ],
    "training_time_ms": 22152,
    "inference_time_ms": 0.20000000298023224,
    "loss": 0.4200904965400696,
    "accuracy": 0.8759999871253967
}