{
    "loss_values": [
        1.2486523389816284,
        0.47070521116256714,
        0.3646758198738098,
        0.31684398651123047,
        0.2869725525379181,
        0.2642070949077606,
        0.24706856906414032,
        0.23193208873271942,
        0.21821799874305725,
        0.20757390558719635
    ],
    "accuracy_values": [
        0.6604999899864197,
        0.8712000250816345,
        0.8970666527748108,
        0.9098666906356812,
        0.918666660785675,
        0.9255666732788086,
        0.9296666979789734,
        0.9347333312034607,
        0.9380666613578796,
        0.9420000314712524
    ],
    "val_loss_values": [
        0.6841142773628235,
        0.4796093702316284,
        0.4129679799079895,
        0.3732796311378479,
        0.35534948110580444,
        0.3311976194381714,
        0.30688074231147766,
        0.295306533575058,
        0.28199923038482666,
        0.2801240384578705
    ],
    "val_accuracy_values": [
        0.8127999901771545,
        0.8654000163078308,
        0.8827999830245972,
        0.8931999802589417,
        0.899399995803833,
        0.9043999910354614,
        0.9115999937057495,
        0.9120000004768372,
        0.9169999957084656,
        0.9161999821662903
    ],
    "training_time_ms": 115555.90000000596,
    "inference_time_ms": 0.3999999910593033,
    "loss": 0.2801240384578705,
    "accuracy": 0.9161999821662903
}