{
    "loss_values": [
        2.1069157123565674,
        1.5339809656143188,
        0.9724496006965637,
        0.6937048435211182,
        0.5631187558174133,
        0.48835480213165283,
        0.4388520121574402,
        0.40227869153022766,
        0.373616486787796,
        0.3533465266227722
    ],
    "accuracy_values": [
        0.3254999816417694,
        0.6046666502952576,
        0.7598333358764648,
        0.825166642665863,
        0.8504999876022339,
        0.8703333139419556,
        0.8823333382606506,
        0.8941666483879089,
        0.9013333320617676,
        0.9043333530426025
    ],
    "val_loss_values": [
        1.904245138168335,
        1.3034859895706177,
        0.8946728110313416,
        0.7018974423408508,
        0.5995450019836426,
        0.5328786373138428,
        0.4904959499835968,
        0.4576074481010437,
        0.44928601384162903,
        0.42304179072380066
    ],
    "val_accuracy_values": [
        0.47200000286102295,
        0.6679999828338623,
        0.7590000033378601,
        0.8029999732971191,
        0.8299999833106995,
        0.8479999899864197,
        0.8600000143051147,
        0.8650000095367432,
        0.859000027179718,
        0.878000020980835
    ],
    "training_time_ms": 22760.40000000596,
    "inference_time_ms": 0.5,
    "loss": 0.42304179072380066,
    "accuracy": 0.878000020980835
}