{
    "loss_values": [
        1.196725606918335,
        0.44230392575263977,
        0.3517053425312042,
        0.313137948513031,
        0.28619757294654846,
        0.2654350697994232,
        0.24818971753120422,
        0.2335388958454132,
        0.22086457908153534,
        0.2091224640607834
    ],
    "accuracy_values": [
        0.6578333377838135,
        0.879800021648407,
        0.9012666940689087,
        0.9110333323478699,
        0.9187000393867493,
        0.9237333536148071,
        0.9281333684921265,
        0.9326666593551636,
        0.9352999925613403,
        0.9393666982650757
    ],
    "val_loss_values": [
        0.6328725814819336,
        0.4612685441970825,
        0.4057103097438812,
        0.373241662979126,
        0.35006222128868103,
        0.33507129549980164,
        0.31647706031799316,
        0.2961278259754181,
        0.29090332984924316,
        0.28101256489753723
    ],
    "val_accuracy_values": [
        0.824999988079071,
        0.8669999837875366,
        0.8845999836921692,
        0.8934000134468079,
        0.9016000032424927,
        0.9034000039100647,
        0.907800018787384,
        0.9147999882698059,
        0.9154000282287598,
        0.9129999876022339
    ],
    "training_time_ms": 108351.19999998808,
    "inference_time_ms": 0.29999999701976776,
    "loss": 0.28101256489753723,
    "accuracy": 0.9129999876022339
}