{
    "loss_values": [
        0.8447555899620056,
        0.3430456817150116,
        0.2852553725242615,
        0.2505945563316345,
        0.22564338147640228,
        0.20594032108783722,
        0.19069403409957886,
        0.1781894713640213,
        0.16819189488887787,
        0.15888309478759766
    ],
    "accuracy_values": [
        0.7646666765213013,
        0.9017833471298218,
        0.9168166518211365,
        0.9269333481788635,
        0.9341999888420105,
        0.9396833181381226,
        0.9449499845504761,
        0.9490833282470703,
        0.95128333568573,
        0.9543666839599609
    ],
    "val_loss_values": [
        0.3802100718021393,
        0.30207395553588867,
        0.2516911029815674,
        0.234140545129776,
        0.21126168966293335,
        0.19896019995212555,
        0.18093328177928925,
        0.17820195853710175,
        0.177316814661026,
        0.16618405282497406
    ],
    "val_accuracy_values": [
        0.8924000263214111,
        0.9140999913215637,
        0.9279999732971191,
        0.9327999949455261,
        0.9401999711990356,
        0.9417999982833862,
        0.9487000107765198,
        0.9488000273704529,
        0.9492999911308289,
        0.9520000219345093
    ],
    "training_time_ms": 216164.19999998808,
    "inference_time_ms": 0.4000000059604645,
    "loss": 0.16618405282497406,
    "accuracy": 0.9520000219345093
}