{
    "loss_values": [
        2.1589813232421875,
        1.6399524211883545,
        1.0595109462738037,
        0.7380040884017944,
        0.5810867547988892,
        0.4942360818386078,
        0.43911466002464294,
        0.4017063081264496,
        0.37389543652534485,
        0.35278740525245667
    ],
    "accuracy_values": [
        0.26749998331069946,
        0.6158333420753479,
        0.7831666469573975,
        0.8316666483879089,
        0.8575000166893005,
        0.8731666803359985,
        0.8843333125114441,
        0.8926666378974915,
        0.8980000019073486,
        0.906000018119812
    ],
    "val_loss_values": [
        2.007338762283325,
        1.4202203750610352,
        0.9611150026321411,
        0.7389107942581177,
        0.6178746223449707,
        0.5361220240592957,
        0.5017921328544617,
        0.457145094871521,
        0.4299152195453644,
        0.4181603193283081
    ],
    "val_accuracy_values": [
        0.4490000009536743,
        0.7080000042915344,
        0.7860000133514404,
        0.8240000009536743,
        0.8270000219345093,
        0.8579999804496765,
        0.8569999933242798,
        0.8679999709129333,
        0.8769999742507935,
        0.8769999742507935
    ],
    "training_time_ms": 18062.5,
    "inference_time_ms": 0.10000000894069672,
    "loss": 0.4181603193283081,
    "accuracy": 0.8769999742507935
}