{
  "loss_values": [
    15.977164708743665,
    13.925803831216836,
    10.758745838656631,
    7.7644266548977585,
    5.789651698515024,
    4.528024727186412,
    3.630494075045848,
    3.018874800762638,
    2.5697614142492484,
    2.1984018620034673
  ],
  "accuracy_values": [
    0.20857142857142857,
    0.56,
    0.78,
    0.8457142857142858,
    0.8828571428571429,
    0.9142857142857143,
    0.9514285714285714,
    0.96,
    0.9714285714285714,
    0.9771428571428571
  ],
  "val_loss_values": [
    15.349592122793156,
    13.255776592748099,
    10.620535762318026,
    8.973269808907038,
    7.876938524607042,
    7.049694549507663,
    6.520664077968547,
    6.158773638303168,
    5.864756059971452,
    5.667835329904908
  ],
  "val_accuracy_values": [
    0.3568033999052391,
    0.643627331332826,
    0.7150569283119643,
    0.7133052879438326,
    0.7286967508506942,
    0.7478930063604646,
    0.7590058723025456,
    0.7676061393559133,
    0.7739809616792775,
    0.7773693807520567
  ],
  "training_time_ms": 62308.09999999404,
  "inference_time_ms": 5981.4000000059605,
  "loss": 5.667835329904908,
  "accuracy": 0.7773693807520567
}