{
    "loss_values": [
        0.8367065787315369,
        0.3531900942325592,
        0.29558074474334717,
        0.2599833607673645,
        0.23414157330989838,
        0.21479420363903046,
        0.19869588315486908,
        0.18596209585666656,
        0.17420032620429993,
        0.16464948654174805
    ],
    "accuracy_values": [
        0.7639999985694885,
        0.8970333337783813,
        0.9142000079154968,
        0.9246166944503784,
        0.9312666654586792,
        0.9374333620071411,
        0.9415333271026611,
        0.9457166790962219,
        0.9493333697319031,
        0.9510166645050049
    ],
    "val_loss_values": [
        0.38002482056617737,
        0.31404227018356323,
        0.26097625494003296,
        0.23508965969085693,
        0.21919581294059753,
        0.20365263521671295,
        0.19007577002048492,
        0.1796780824661255,
        0.1703188121318817,
        0.16402330994606018
    ],
    "val_accuracy_values": [
        0.8920000195503235,
        0.9083000421524048,
        0.9258000254631042,
        0.9307000637054443,
        0.931600034236908,
        0.9395000338554382,
        0.9431000351905823,
        0.9465000629425049,
        0.9481000304222107,
        0.9520000219345093
    ],
    "training_time_ms": 46338,
    "inference_time_ms": 340.59999999403954,
    "loss": 0.16402330994606018,
    "accuracy": 0.9520000219345093
}