{
    "loss_values": [
        2.1134023666381836,
        1.477979302406311,
        0.9106666445732117,
        0.6577891111373901,
        0.5442331433296204,
        0.4782377779483795,
        0.43324682116508484,
        0.39998558163642883,
        0.37540924549102783,
        0.3563094437122345
    ],
    "accuracy_values": [
        0.3646666705608368,
        0.7080000042915344,
        0.8021666407585144,
        0.8316666483879089,
        0.8529999852180481,
        0.8709999918937683,
        0.8811666369438171,
        0.8884999752044678,
        0.8948333263397217,
        0.9018332958221436
    ],
    "val_loss_values": [
        1.8950508832931519,
        1.2490521669387817,
        0.8570988178253174,
        0.68422532081604,
        0.6052696108818054,
        0.5528685450553894,
        0.5033516883850098,
        0.48742005228996277,
        0.46413174271583557,
        0.4412318766117096
    ],
    "val_accuracy_values": [
        0.5730000138282776,
        0.7280000448226929,
        0.7740000486373901,
        0.815000057220459,
        0.8270000219345093,
        0.8320000171661377,
        0.8530000448226929,
        0.8600000143051147,
        0.8680000305175781,
        0.8700000643730164
    ],
    "training_time_ms": 6154,
    "inference_time_ms": 0.7000000029802322,
    "loss": 0.4412318766117096,
    "accuracy": 0.8700000643730164
}