{
    "loss_values": [
        1.1507437229156494,
        0.4351898729801178,
        0.35771098732948303,
        0.3212640583515167,
        0.2959100902080536,
        0.2765384018421173,
        0.25932925939559937,
        0.24489927291870117,
        0.23173436522483826,
        0.21999065577983856
    ],
    "accuracy_values": [
        0.6715999841690063,
        0.8806333541870117,
        0.8995000123977661,
        0.9107333421707153,
        0.917900025844574,
        0.9215666651725769,
        0.9264333248138428,
        0.930066704750061,
        0.9327333569526672,
        0.9367333650588989
    ],
    "val_loss_values": [
        0.5969381928443909,
        0.45193877816200256,
        0.4058619737625122,
        0.37524646520614624,
        0.3654114902019501,
        0.3340095579624176,
        0.33883363008499146,
        0.30839529633522034,
        0.29971984028816223,
        0.2875167727470398
    ],
    "val_accuracy_values": [
        0.8290000557899475,
        0.8664000630378723,
        0.883400022983551,
        0.8932000398635864,
        0.891200065612793,
        0.9050000309944153,
        0.9002000689506531,
        0.9088000655174255,
        0.9112000465393066,
        0.9150000214576721
    ],
    "training_time_ms": 24354.5,
    "inference_time_ms": 0.19999998807907104,
    "loss": 0.2875167727470398,
    "accuracy": 0.9150000214576721
}