{
    "loss_values": [
        1.2707091569900513,
        0.44652146100997925,
        0.3532351851463318,
        0.31395387649536133,
        0.2892983555793762,
        0.26951390504837036,
        0.25396406650543213,
        0.23926888406276703,
        0.22690553963184357,
        0.21444226801395416
    ],
    "accuracy_values": [
        0.6261333227157593,
        0.8792999982833862,
        0.9005333185195923,
        0.9103666543960571,
        0.917733371257782,
        0.9233666658401489,
        0.9266000390052795,
        0.9316999912261963,
        0.9346333146095276,
        0.9381666779518127
    ],
    "val_loss_values": [
        0.6370048522949219,
        0.46447011828422546,
        0.4071328043937683,
        0.37326470017433167,
        0.3555721044540405,
        0.3331974744796753,
        0.3130815029144287,
        0.299212783575058,
        0.2908342778682709,
        0.2787368595600128
    ],
    "val_accuracy_values": [
        0.8324000239372253,
        0.8676000237464905,
        0.8802000284194946,
        0.8906000256538391,
        0.8953999876976013,
        0.90420001745224,
        0.9089999794960022,
        0.9124000072479248,
        0.9138000011444092,
        0.9169999957084656
    ],
    "training_time_ms": 109678.90000000596,
    "inference_time_ms": 0.20000000298023224,
    "loss": 0.2787368595600128,
    "accuracy": 0.9169999957084656
}