{
    "loss_values": [
        2.134972095489502,
        1.5503451824188232,
        1.0061118602752686,
        0.7422617673873901,
        0.6023823618888855,
        0.5160614252090454,
        0.45885810256004333,
        0.42099180817604065,
        0.39057356119155884,
        0.36651477217674255
    ],
    "accuracy_values": [
        0.3240000009536743,
        0.6305000185966492,
        0.7508333325386047,
        0.8068333268165588,
        0.8423333168029785,
        0.8600000143051147,
        0.8743333220481873,
        0.887499988079071,
        0.893666684627533,
        0.8983333110809326
    ],
    "val_loss_values": [
        1.936388373374939,
        1.322804570198059,
        0.9500395655632019,
        0.7556235790252686,
        0.6442661881446838,
        0.5676407814025879,
        0.5272324085235596,
        0.4931067228317261,
        0.4670601785182953,
        0.44475057721138
    ],
    "val_accuracy_values": [
        0.48399999737739563,
        0.6669999957084656,
        0.7260000109672546,
        0.7820000052452087,
        0.8050000071525574,
        0.8370000123977661,
        0.8489999771118164,
        0.859000027179718,
        0.8640000224113464,
        0.8709999918937683
    ],
    "training_time_ms": 19082.90000000596,
    "inference_time_ms": 0.4000000059604645,
    "loss": 0.44475057721138,
    "accuracy": 0.8709999918937683
}