{
    "loss_values": [
        0.8150767683982849,
        0.33741772174835205,
        0.29065242409706116,
        0.2617013156414032,
        0.2388383001089096,
        0.21981865167617798,
        0.20295879244804382,
        0.18816867470741272,
        0.17572121322155,
        0.16469065845012665
    ],
    "accuracy_values": [
        0.7720833420753479,
        0.9039999842643738,
        0.9174000024795532,
        0.9247333407402039,
        0.9319833517074585,
        0.9361500144004822,
        0.9417833685874939,
        0.9459666609764099,
        0.9490500092506409,
        0.952583372592926
    ],
    "val_loss_values": [
        0.3590170741081238,
        0.2929060161113739,
        0.2692851424217224,
        0.24477247893810272,
        0.22766244411468506,
        0.21190491318702698,
        0.1979304850101471,
        0.18879888951778412,
        0.17600655555725098,
        0.1682654321193695
    ],
    "val_accuracy_values": [
        0.8959000110626221,
        0.9164000153541565,
        0.9218999743461609,
        0.9298999905586243,
        0.932699978351593,
        0.939300000667572,
        0.9412000179290771,
        0.9447000026702881,
        0.948199987411499,
        0.9505000114440918
    ],
    "training_time_ms": 218391.60000000894,
    "inference_time_ms": 0.5999999940395355,
    "loss": 0.1682654321193695,
    "accuracy": 0.9505000114440918
}