{
    "loss_values": [
        16.601439930367555,
        16.150829043400627,
        15.448098090698718,
        14.601422849495059,
        13.753309350862164,
        12.70841843628555,
        11.65132738462574,
        10.616844544644914,
        9.564300114102194,
        8.649792087378984
    ],
    "accuracy_values": [
        0.12857142857142856,
        0.22857142857142856,
        0.3142857142857143,
        0.45714285714285713,
        0.5142857142857142,
        0.6285714285714286,
        0.6714285714285714,
        0.7571428571428571,
        0.7857142857142857,
        0.8571428571428571
    ],
    "val_loss_values": [
        16.38488141096398,
        16.054951783726445,
        15.609916899578312,
        15.175285603416633,
        14.680703984343621,
        14.180335653122599,
        13.593991677401533,
        13.060293482023864,
        12.531239865353655,
        12.050621703752912
    ],
    "val_accuracy_values": [
        0.1280012584192538,
        0.15367015115331265,
        0.20197629023724062,
        0.2728624747958644,
        0.33112156615996224,
        0.373450213788271,
        0.4247879992563886,
        0.45877961932817574,
        0.5048406240615482,
        0.5395758555105893
    ],
    "training_time_ms": 66060.40000000596,
    "inference_time_ms": 6601,
    "loss": 12.050621703752912,
    "accuracy": 0.5395758555105893
}