{
  "loss_values": [
    0.8075520396232605,
    0.3541872799396515,
    0.29644373059272766,
    0.25992998480796814,
    0.23217961192131042,
    0.2105865329504013,
    0.19340351223945618,
    0.17983022332191467,
    0.1685429960489273,
    0.15878598392009735
  ],
  "accuracy_values": [
    0.770716667175293,
    0.8994500041007996,
    0.9145500063896179,
    0.9258833527565002,
    0.933650016784668,
    0.9397833347320557,
    0.9450166821479797,
    0.9488666653633118,
    0.9517833590507507,
    0.9542666673660278
  ],
  "val_loss_values": [
    0.3888644576072693,
    0.30853357911109924,
    0.2690439820289612,
    0.24449372291564941,
    0.2159029245376587,
    0.20001250505447388,
    0.18873052299022675,
    0.1776404082775116,
    0.16890953481197357,
    0.15920490026474
  ],
  "val_accuracy_values": [
    0.8902999758720398,
    0.9118000268936157,
    0.9214000105857849,
    0.930899977684021,
    0.9381999969482422,
    0.9419000148773193,
    0.9429000020027161,
    0.9466000199317932,
    0.9506999850273132,
    0.9527999758720398
  ],
  "training_time_ms": 174762.10000000894,
  "inference_time_ms": 0.7000000029802322,
  "loss": 0.15920490026474,
  "accuracy": 0.9527999758720398
}