{
  "loss_values": [
    2.1210262775421143,
    1.4930225610733032,
    0.9432708024978638,
    0.6746166348457336,
    0.5493016242980957,
    0.47733455896377563,
    0.43055760860443115,
    0.3962417244911194,
    0.37076741456985474,
    0.3512266278266907
  ],
  "accuracy_values": [
    0.35350000858306885,
    0.637833297252655,
    0.7885000109672546,
    0.8289999961853027,
    0.8548333048820496,
    0.8729999661445618,
    0.8849999904632568,
    0.8918333053588867,
    0.9001666307449341,
    0.903166651725769
  ],
  "val_loss_values": [
    1.9206963777542114,
    1.2873893976211548,
    0.8910613059997559,
    0.7051723003387451,
    0.6037604808807373,
    0.5604963302612305,
    0.5089904069900513,
    0.48564180731773376,
    0.4549482762813568,
    0.44014161825180054
  ],
  "val_accuracy_values": [
    0.46700000762939453,
    0.699999988079071,
    0.7670000195503235,
    0.8029999732971191,
    0.8299999833106995,
    0.8309999704360962,
    0.8479999899864197,
    0.8560000061988831,
    0.8640000224113464,
    0.8730000257492065
  ],
  "training_time_ms": 17598.5,
  "inference_time_ms": 0.5,
  "loss": 0.44014161825180054,
  "accuracy": 0.8730000257492065
}