{
    "loss_values": [
        1.1827104091644287,
        0.4368164539337158,
        0.3459763824939728,
        0.30690261721611023,
        0.2822098433971405,
        0.26401573419570923,
        0.24851864576339722,
        0.23461462557315826,
        0.22211654484272003,
        0.2108675092458725
    ],
    "accuracy_values": [
        0.6772666573524475,
        0.8816333413124084,
        0.903166651725769,
        0.9133000373840332,
        0.9197999835014343,
        0.9260666966438293,
        0.9294666647911072,
        0.9333000183105469,
        0.9365333318710327,
        0.938966691493988
    ],
    "val_loss_values": [
        0.6219821572303772,
        0.44974786043167114,
        0.3979603946208954,
        0.37051641941070557,
        0.3418673872947693,
        0.32338404655456543,
        0.31544923782348633,
        0.3023878037929535,
        0.2921530306339264,
        0.28233304619789124
    ],
    "val_accuracy_values": [
        0.8271999955177307,
        0.8704000115394592,
        0.8863999843597412,
        0.8903999924659729,
        0.9016000032424927,
        0.9053999781608582,
        0.9075999855995178,
        0.9110000133514404,
        0.9161999821662903,
        0.9154000282287598
    ],
    "training_time_ms": 108012.10000000894,
    "inference_time_ms": 0.19999998807907104,
    "loss": 0.28233304619789124,
    "accuracy": 0.9154000282287598
}