{
    "loss_values": [
        0.8656190037727356,
        0.3472400903701782,
        0.2778034806251526,
        0.24268527328968048,
        0.2187686562538147,
        0.200734943151474,
        0.18645286560058594,
        0.1741502285003662,
        0.1643097996711731,
        0.1545252799987793
    ],
    "accuracy_values": [
        0.7516166567802429,
        0.9014833569526672,
        0.9204999804496765,
        0.930566668510437,
        0.9368333220481873,
        0.9428666830062866,
        0.9459500312805176,
        0.9493333697319031,
        0.951533317565918,
        0.9546999931335449
    ],
    "val_loss_values": [
        0.39320310950279236,
        0.29014870524406433,
        0.25142818689346313,
        0.22073176503181458,
        0.20875675976276398,
        0.19232961535453796,
        0.17998798191547394,
        0.17372696101665497,
        0.164109006524086,
        0.15496881306171417
    ],
    "val_accuracy_values": [
        0.8902999758720398,
        0.9150000214576721,
        0.9259999990463257,
        0.9336000084877014,
        0.9379000067710876,
        0.9435999989509583,
        0.9470999836921692,
        0.9470999836921692,
        0.9517999887466431,
        0.9520999789237976
    ],
    "training_time_ms": 216256.10000000894,
    "inference_time_ms": 0.29999999701976776,
    "loss": 0.15496881306171417,
    "accuracy": 0.9520999789237976
}