{
    "loss_values": [
        2.0687899589538574,
        1.385414481163025,
        0.8877356052398682,
        0.6596599221229553,
        0.5385364890098572,
        0.4648740887641907,
        0.41821879148483276,
        0.38303714990615845,
        0.35808882117271423,
        0.33882617950439453
    ],
    "accuracy_values": [
        0.3634999990463257,
        0.6678333282470703,
        0.7838333249092102,
        0.8416666388511658,
        0.8658333420753479,
        0.8838333487510681,
        0.890999972820282,
        0.9001666307449341,
        0.9026666283607483,
        0.906000018119812
    ],
    "val_loss_values": [
        1.8033829927444458,
        1.1382101774215698,
        0.8156141638755798,
        0.6551412343978882,
        0.5717304944992065,
        0.5018332600593567,
        0.4576115906238556,
        0.43298226594924927,
        0.4112739562988281,
        0.39773449301719666
    ],
    "val_accuracy_values": [
        0.5830000042915344,
        0.7149999737739563,
        0.7889999747276306,
        0.8330000042915344,
        0.8399999737739563,
        0.8600000143051147,
        0.8700000047683716,
        0.8820000290870667,
        0.8840000033378601,
        0.8849999904632568
    ],
    "training_time_ms": 18020.5,
    "inference_time_ms": 0.10000000894069672,
    "loss": 0.39773449301719666,
    "accuracy": 0.8849999904632568
}