{
    "loss_values": [
        1.2669106721878052,
        0.4735269844532013,
        0.36765673756599426,
        0.3222801089286804,
        0.29298168420791626,
        0.26958778500556946,
        0.250947505235672,
        0.23555023968219757,
        0.22099646925926208,
        0.20959843695163727
    ],
    "accuracy_values": [
        0.6275666952133179,
        0.8693333268165588,
        0.8956666588783264,
        0.9081667065620422,
        0.9153000116348267,
        0.9226666688919067,
        0.9274666905403137,
        0.9336667060852051,
        0.9364333152770996,
        0.9404000043869019
    ],
    "val_loss_values": [
        0.669636070728302,
        0.4708673655986786,
        0.4309791326522827,
        0.3788614273071289,
        0.355572909116745,
        0.3405001163482666,
        0.31612858176231384,
        0.2997420132160187,
        0.2913556396961212,
        0.2753576934337616
    ],
    "val_accuracy_values": [
        0.810200035572052,
        0.8646000623703003,
        0.8778000473976135,
        0.889400064945221,
        0.896600067615509,
        0.8980000615119934,
        0.9100000262260437,
        0.912600040435791,
        0.9158000349998474,
        0.9196000695228577
    ],
    "training_time_ms": 23486,
    "inference_time_ms": 0.3999999910593033,
    "loss": 0.2753576934337616,
    "accuracy": 0.9196000695228577
}