{
    "loss_values": [
        2.061208724975586,
        1.357395887374878,
        0.864895761013031,
        0.6463100910186768,
        0.5333335995674133,
        0.4639568626880646,
        0.4184110164642334,
        0.3851242661476135,
        0.3598994016647339,
        0.3413853347301483
    ],
    "accuracy_values": [
        0.4099999964237213,
        0.6894999742507935,
        0.7928333282470703,
        0.8361666798591614,
        0.8678333163261414,
        0.8805000185966492,
        0.887833297252655,
        0.8973333239555359,
        0.906000018119812,
        0.9091666340827942
    ],
    "val_loss_values": [
        1.7928009033203125,
        1.1486438512802124,
        0.8354499936103821,
        0.6743627190589905,
        0.5945243239402771,
        0.531424880027771,
        0.4846627414226532,
        0.4584895372390747,
        0.4323749840259552,
        0.42040014266967773
    ],
    "val_accuracy_values": [
        0.5649999976158142,
        0.7050000429153442,
        0.7860000133514404,
        0.8260000348091125,
        0.8390000462532043,
        0.8540000319480896,
        0.862000048160553,
        0.8810000419616699,
        0.8850000500679016,
        0.8850000500679016
    ],
    "training_time_ms": 5110.899999991059,
    "inference_time_ms": 0.29999999701976776,
    "loss": 0.42040014266967773,
    "accuracy": 0.8850000500679016
}