{
    "loss_values": [
        0.8644324541091919,
        0.3558090329170227,
        0.29640260338783264,
        0.2588585317134857,
        0.23089943826198578,
        0.20831027626991272,
        0.19081595540046692,
        0.1756509244441986,
        0.16341532766819,
        0.1534588485956192
    ],
    "accuracy_values": [
        0.7538666725158691,
        0.8981833457946777,
        0.9139833450317383,
        0.9250500202178955,
        0.9331166744232178,
        0.940500020980835,
        0.9449166655540466,
        0.9491167068481445,
        0.9530166983604431,
        0.9557333588600159
    ],
    "val_loss_values": [
        0.39295393228530884,
        0.30673277378082275,
        0.2647557854652405,
        0.24228879809379578,
        0.21247906982898712,
        0.1975763589143753,
        0.17978358268737793,
        0.16553108394145966,
        0.15660224854946136,
        0.1534436196088791
    ],
    "val_accuracy_values": [
        0.8878000378608704,
        0.9127000570297241,
        0.9261000156402588,
        0.9302000403404236,
        0.9393000602722168,
        0.9434000253677368,
        0.9476000666618347,
        0.9518000483512878,
        0.9535000324249268,
        0.9528000354766846
    ],
    "training_time_ms": 47873.5,
    "inference_time_ms": 0.7000000029802322,
    "loss": 0.1534436196088791,
    "accuracy": 0.9528000354766846
}