{
    "loss_values": [
        2.0533559322357178,
        1.370198369026184,
        0.8846420049667358,
        0.6625521183013916,
        0.5430858135223389,
        0.4692479968070984,
        0.42007017135620117,
        0.38606587052345276,
        0.3603380620479584,
        0.3410668969154358
    ],
    "accuracy_values": [
        0.3109999895095825,
        0.6681666374206543,
        0.7824999690055847,
        0.8355000019073486,
        0.8621666431427002,
        0.8758333325386047,
        0.8894999623298645,
        0.893833339214325,
        0.9028333425521851,
        0.9048333168029785
    ],
    "val_loss_values": [
        1.7892811298370361,
        1.1611988544464111,
        0.8379612565040588,
        0.6797968149185181,
        0.5926705002784729,
        0.5329486727714539,
        0.48967480659484863,
        0.46737217903137207,
        0.4463058412075043,
        0.428197979927063
    ],
    "val_accuracy_values": [
        0.5170000195503235,
        0.7110000252723694,
        0.7910000085830688,
        0.8170000314712524,
        0.8330000638961792,
        0.8530000448226929,
        0.859000027179718,
        0.8560000658035278,
        0.859000027179718,
        0.8650000691413879
    ],
    "training_time_ms": 5394.9000000059605,
    "inference_time_ms": 0.29999999701976776,
    "loss": 0.428197979927063,
    "accuracy": 0.8650000691413879
}