{
    "loss_values": [
        0.8881478905677795,
        0.355042040348053,
        0.301021546125412,
        0.2690650224685669,
        0.24366965889930725,
        0.22258400917053223,
        0.20361505448818207,
        0.18802455067634583,
        0.17403270304203033,
        0.16237418353557587
    ],
    "accuracy_values": [
        0.7419500350952148,
        0.8987666964530945,
        0.9132833480834961,
        0.9228500127792358,
        0.9298000335693359,
        0.9354833364486694,
        0.9416999816894531,
        0.9461666941642761,
        0.9500333666801453,
        0.9537833333015442
    ],
    "val_loss_values": [
        0.38954946398735046,
        0.31252017617225647,
        0.2780449092388153,
        0.24766309559345245,
        0.22966907918453217,
        0.20871883630752563,
        0.19636105000972748,
        0.1803695559501648,
        0.1693495213985443,
        0.1625526249408722
    ],
    "val_accuracy_values": [
        0.8901000618934631,
        0.9122000336647034,
        0.9191000461578369,
        0.9277000427246094,
        0.9336000680923462,
        0.9395000338554382,
        0.9419000744819641,
        0.9475000500679016,
        0.9499000310897827,
        0.9529000520706177
    ],
    "training_time_ms": 47329.59999999404,
    "inference_time_ms": 1.0999999940395355,
    "loss": 0.1625526249408722,
    "accuracy": 0.9529000520706177
}