{
    "loss_values": [
        1.2748771905899048,
        0.4585486650466919,
        0.36877405643463135,
        0.3296501338481903,
        0.30306074023246765,
        0.2832021117210388,
        0.26495206356048584,
        0.2502152919769287,
        0.2370452880859375,
        0.2255777269601822
    ],
    "accuracy_values": [
        0.6448666453361511,
        0.8756666779518127,
        0.8960999846458435,
        0.9074333310127258,
        0.9142000079154968,
        0.9191333651542664,
        0.923633337020874,
        0.9288333654403687,
        0.9331666827201843,
        0.9360333681106567
    ],
    "val_loss_values": [
        0.6540624499320984,
        0.4828736186027527,
        0.4273783266544342,
        0.39328208565711975,
        0.3695542812347412,
        0.35721343755722046,
        0.33731526136398315,
        0.3213505446910858,
        0.3144620954990387,
        0.302488774061203
    ],
    "val_accuracy_values": [
        0.8220000267028809,
        0.8618000149726868,
        0.8776000142097473,
        0.8850000500679016,
        0.8940000534057617,
        0.8978000283241272,
        0.9026000499725342,
        0.9066000580787659,
        0.9048000574111938,
        0.9092000722885132
    ],
    "training_time_ms": 23580.70000000298,
    "inference_time_ms": 0.29999999701976776,
    "loss": 0.302488774061203,
    "accuracy": 0.9092000722885132
}