{
    "loss_values": [
        2.0759408473968506,
        1.3631848096847534,
        0.838008463382721,
        0.6307184100151062,
        0.5221735835075378,
        0.4542880356311798,
        0.4092453718185425,
        0.3751330077648163,
        0.34970638155937195,
        0.3292468786239624
    ],
    "accuracy_values": [
        0.34299999475479126,
        0.6955000162124634,
        0.7888333201408386,
        0.8338333368301392,
        0.8573333024978638,
        0.8765000104904175,
        0.8903332948684692,
        0.8973333239555359,
        0.9041666388511658,
        0.9078333377838135
    ],
    "val_loss_values": [
        1.8340688943862915,
        1.1357152462005615,
        0.8184821605682373,
        0.6651210188865662,
        0.5872520208358765,
        0.5251425504684448,
        0.4884161651134491,
        0.4499204158782959,
        0.43044474720954895,
        0.42617711424827576
    ],
    "val_accuracy_values": [
        0.5350000262260437,
        0.718000054359436,
        0.7700000405311584,
        0.8160000443458557,
        0.8340000510215759,
        0.8460000157356262,
        0.8600000143051147,
        0.8700000643730164,
        0.8720000386238098,
        0.8700000643730164
    ],
    "training_time_ms": 4918.4000000059605,
    "inference_time_ms": 0.29999999701976776,
    "loss": 0.42617711424827576,
    "accuracy": 0.8700000643730164
}