{
    "loss_values": [
        1.1303365230560303,
        0.43417757749557495,
        0.353546142578125,
        0.3171570301055908,
        0.29359373450279236,
        0.27568158507347107,
        0.2602554261684418,
        0.24728058278560638,
        0.23540760576725006,
        0.2243797928094864
    ],
    "accuracy_values": [
        0.692633330821991,
        0.8788333535194397,
        0.9003333449363708,
        0.9102666974067688,
        0.916700005531311,
        0.9219333529472351,
        0.9254666566848755,
        0.930233359336853,
        0.9329333305358887,
        0.9365000128746033
    ],
    "val_loss_values": [
        0.6081584692001343,
        0.4606259763240814,
        0.4085935354232788,
        0.3752692639827728,
        0.3576081097126007,
        0.3432892858982086,
        0.32864102721214294,
        0.31543204188346863,
        0.31114959716796875,
        0.2919953465461731
    ],
    "val_accuracy_values": [
        0.8226000070571899,
        0.8655999898910522,
        0.8791999816894531,
        0.8881999850273132,
        0.8956000208854675,
        0.8989999890327454,
        0.9057999849319458,
        0.9053999781608582,
        0.9043999910354614,
        0.9111999869346619
    ],
    "training_time_ms": 57062.60000000894,
    "inference_time_ms": 1,
    "loss": 0.2919953465461731,
    "accuracy": 0.9111999869346619
}