{
    "loss_values": [
        2.1534957885742188,
        1.614801049232483,
        1.041803002357483,
        0.7412713766098022,
        0.6038323640823364,
        0.5230256915092468,
        0.4697611927986145,
        0.431526780128479,
        0.40094617009162903,
        0.37775224447250366
    ],
    "accuracy_values": [
        0.2943333387374878,
        0.5598333477973938,
        0.7571666836738586,
        0.8149999976158142,
        0.8413333296775818,
        0.8606666326522827,
        0.8726666569709778,
        0.8813333511352539,
        0.89083331823349,
        0.8971666693687439
    ],
    "val_loss_values": [
        1.9530327320098877,
        1.3430631160736084,
        0.9293239116668701,
        0.7333715558052063,
        0.6244171261787415,
        0.568805456161499,
        0.5279211401939392,
        0.48889780044555664,
        0.4676458537578583,
        0.4433780610561371
    ],
    "val_accuracy_values": [
        0.43700000643730164,
        0.6919999718666077,
        0.7609999775886536,
        0.8090000152587891,
        0.8220000267028809,
        0.8370000123977661,
        0.847000002861023,
        0.8600000143051147,
        0.8560000061988831,
        0.8659999966621399
    ],
    "training_time_ms": 11438.70000000298,
    "inference_time_ms": 0.5,
    "loss": 0.4433780610561371,
    "accuracy": 0.8659999966621399
}