{
    "loss_values": [
        0.8449057340621948,
        0.3473425507545471,
        0.2912787199020386,
        0.257566899061203,
        0.23282508552074432,
        0.21363796293735504,
        0.19769883155822754,
        0.18315960466861725,
        0.17070727050304413,
        0.15983042120933533
    ],
    "accuracy_values": [
        0.7594500184059143,
        0.8997166752815247,
        0.9156333208084106,
        0.9246000051498413,
        0.9325000047683716,
        0.9381666779518127,
        0.9429833292961121,
        0.9471166729927063,
        0.9506000280380249,
        0.9532999992370605
    ],
    "val_loss_values": [
        0.37454792857170105,
        0.29744672775268555,
        0.26271679997444153,
        0.2349378913640976,
        0.2128096967935562,
        0.20339934527873993,
        0.18712225556373596,
        0.17751555144786835,
        0.1656946986913681,
        0.15903443098068237
    ],
    "val_accuracy_values": [
        0.8934999704360962,
        0.9150000214576721,
        0.9244999885559082,
        0.9348000288009644,
        0.9381999969482422,
        0.9391000270843506,
        0.9455999732017517,
        0.9487000107765198,
        0.9524000287055969,
        0.9546999931335449
    ],
    "training_time_ms": 112958.90000000596,
    "inference_time_ms": 0.3999999910593033,
    "loss": 0.15903443098068237,
    "accuracy": 0.9546999931335449
}