{
    "loss_values": [
        2.1418654918670654,
        1.5866365432739258,
        1.0050569772720337,
        0.7149838805198669,
        0.5736375451087952,
        0.4908832013607025,
        0.4374657869338989,
        0.40091052651405334,
        0.3735760748386383,
        0.3518800139427185
    ],
    "accuracy_values": [
        0.3136666715145111,
        0.64083331823349,
        0.7476666569709778,
        0.8193333148956299,
        0.8551666736602783,
        0.8733333349227905,
        0.8865000009536743,
        0.8931666612625122,
        0.8995000123977661,
        0.9046666622161865
    ],
    "val_loss_values": [
        1.9503105878829956,
        1.326329231262207,
        0.9087287783622742,
        0.7186557054519653,
        0.6152902841567993,
        0.5527833700180054,
        0.5186247825622559,
        0.4830629527568817,
        0.46459314227104187,
        0.4494430124759674
    ],
    "val_accuracy_values": [
        0.5260000228881836,
        0.6490000486373901,
        0.7540000081062317,
        0.800000011920929,
        0.8250000476837158,
        0.8410000205039978,
        0.8600000143051147,
        0.859000027179718,
        0.8600000143051147,
        0.862000048160553
    ],
    "training_time_ms": 4848.600000008941,
    "inference_time_ms": 0.29999999701976776,
    "loss": 0.4494430124759674,
    "accuracy": 0.862000048160553
}