{
    "loss_values": [
        1.0629931688308716,
        0.44722479581832886,
        0.361655592918396,
        0.3201364278793335,
        0.2924983501434326,
        0.2708476185798645,
        0.25302842259407043,
        0.2392965406179428,
        0.22621095180511475,
        0.2155662477016449
    ],
    "accuracy_values": [
        0.6995333433151245,
        0.8734999895095825,
        0.8987666964530945,
        0.9078666567802429,
        0.9158333539962769,
        0.92166668176651,
        0.9268333315849304,
        0.9311666488647461,
        0.9356333613395691,
        0.9372666478157043
    ],
    "val_loss_values": [
        0.6264394521713257,
        0.4826755225658417,
        0.4063921272754669,
        0.37127915024757385,
        0.35248640179634094,
        0.32432296872138977,
        0.31736114621162415,
        0.2949495017528534,
        0.2955494225025177,
        0.27615952491760254
    ],
    "val_accuracy_values": [
        0.815000057220459,
        0.8594000339508057,
        0.8804000616073608,
        0.891200065612793,
        0.8942000269889832,
        0.9016000628471375,
        0.9068000316619873,
        0.9120000600814819,
        0.9110000729560852,
        0.9164000153541565
    ],
    "training_time_ms": 23676.10000000894,
    "inference_time_ms": 0.20000000298023224,
    "loss": 0.27615952491760254,
    "accuracy": 0.9164000153541565
}