{
    "loss_values": [
        0.8087390065193176,
        0.34563782811164856,
        0.2933454215526581,
        0.2626543343067169,
        0.23770542442798615,
        0.21791855990886688,
        0.20112115144729614,
        0.18691125512123108,
        0.17440062761306763,
        0.1643463373184204
    ],
    "accuracy_values": [
        0.7766000032424927,
        0.8995500206947327,
        0.9143000245094299,
        0.9234499931335449,
        0.9307000041007996,
        0.9363666772842407,
        0.9415667057037354,
        0.9462500214576721,
        0.9495000243186951,
        0.9523666501045227
    ],
    "val_loss_values": [
        0.37361133098602295,
        0.2948586940765381,
        0.27403244376182556,
        0.24191129207611084,
        0.22020284831523895,
        0.203484907746315,
        0.19006864726543427,
        0.18055789172649384,
        0.17098553478717804,
        0.16332177817821503
    ],
    "val_accuracy_values": [
        0.8925000429153442,
        0.913800060749054,
        0.917400062084198,
        0.9282000660896301,
        0.9348000288009644,
        0.9398000240325928,
        0.943600058555603,
        0.9467000365257263,
        0.9502000212669373,
        0.951900064945221
    ],
    "training_time_ms": 49163.90000000596,
    "inference_time_ms": 0.9000000059604645,
    "loss": 0.16332177817821503,
    "accuracy": 0.951900064945221
}