{
    "loss_values": [
        2.082486391067505,
        1.4755419492721558,
        0.9530543684959412,
        0.6943280100822449,
        0.5625215768814087,
        0.4861803650856018,
        0.43768590688705444,
        0.40275606513023376,
        0.37622106075286865,
        0.3556457459926605
    ],
    "accuracy_values": [
        0.28966665267944336,
        0.6321666836738586,
        0.7668333053588867,
        0.824999988079071,
        0.856166660785675,
        0.8706666827201843,
        0.8788333535194397,
        0.8903332948684692,
        0.8956666588783264,
        0.9023333191871643
    ],
    "val_loss_values": [
        1.8683807849884033,
        1.2528877258300781,
        0.8869513273239136,
        0.712952733039856,
        0.6069154143333435,
        0.5463342070579529,
        0.5042917728424072,
        0.47265955805778503,
        0.4491911828517914,
        0.43262794613838196
    ],
    "val_accuracy_values": [
        0.492000013589859,
        0.6830000281333923,
        0.7609999775886536,
        0.7889999747276306,
        0.8259999752044678,
        0.8399999737739563,
        0.8569999933242798,
        0.8560000061988831,
        0.8659999966621399,
        0.8669999837875366
    ],
    "training_time_ms": 17632.59999999404,
    "inference_time_ms": 0.09999999403953552,
    "loss": 0.43262794613838196,
    "accuracy": 0.8669999837875366
}