{
    "loss_values": [
        0.8559668660163879,
        0.35418984293937683,
        0.30504944920539856,
        0.273960679769516,
        0.2497003823518753,
        0.22883963584899902,
        0.21214646100997925,
        0.1981530785560608,
        0.18524602055549622,
        0.17446361482143402
    ],
    "accuracy_values": [
        0.7663666605949402,
        0.8982333540916443,
        0.9114833474159241,
        0.9203500151634216,
        0.9285333156585693,
        0.9339166879653931,
        0.9391833543777466,
        0.9428666830062866,
        0.9470833539962769,
        0.9496999979019165
    ],
    "val_loss_values": [
        0.3738183081150055,
        0.3135736584663391,
        0.27829161286354065,
        0.2545151710510254,
        0.23537153005599976,
        0.21998929977416992,
        0.2111339569091797,
        0.18938608467578888,
        0.18275697529315948,
        0.17323671281337738
    ],
    "val_accuracy_values": [
        0.8956999778747559,
        0.9086999893188477,
        0.9200999736785889,
        0.9265999794006348,
        0.9308000206947327,
        0.9343000054359436,
        0.9379000067710876,
        0.944100022315979,
        0.9455999732017517,
        0.9496999979019165
    ],
    "training_time_ms": 216312.20000000298,
    "inference_time_ms": 0.20000000298023224,
    "loss": 0.17323671281337738,
    "accuracy": 0.9496999979019165
}