{
    "loss_values": [
        1.2385032176971436,
        0.4529854655265808,
        0.3629639744758606,
        0.32547396421432495,
        0.30204758048057556,
        0.28294503688812256,
        0.2670910358428955,
        0.25235214829444885,
        0.23837491869926453,
        0.22693327069282532
    ],
    "accuracy_values": [
        0.6534000039100647,
        0.8749666810035706,
        0.8974666595458984,
        0.9086333513259888,
        0.9139333367347717,
        0.9191333651542664,
        0.9235666990280151,
        0.9274666905403137,
        0.9314666986465454,
        0.9345999956130981
    ],
    "val_loss_values": [
        0.6435344219207764,
        0.46258118748664856,
        0.41640913486480713,
        0.39723989367485046,
        0.36235174536705017,
        0.3578745722770691,
        0.33933568000793457,
        0.3223114311695099,
        0.3073970079421997,
        0.3004246950149536
    ],
    "val_accuracy_values": [
        0.817799985408783,
        0.866599977016449,
        0.8766000270843506,
        0.8866000175476074,
        0.8960000276565552,
        0.8984000086784363,
        0.9017999768257141,
        0.9061999917030334,
        0.909600019454956,
        0.9132000207901001
    ],
    "training_time_ms": 108241.70000000298,
    "inference_time_ms": 0.29999999701976776,
    "loss": 0.3004246950149536,
    "accuracy": 0.9132000207901001
}