{
    "loss_values": [
        1.991083025932312,
        1.23251211643219,
        0.7895928621292114,
        0.602643609046936,
        0.5041072964668274,
        0.44375231862068176,
        0.40426579117774963,
        0.37558281421661377,
        0.35308927297592163,
        0.3349738121032715
    ],
    "accuracy_values": [
        0.3658333420753479,
        0.7086666822433472,
        0.8148333430290222,
        0.8526666760444641,
        0.8701666593551636,
        0.8889999985694885,
        0.8953333497047424,
        0.8995000123977661,
        0.9054999947547913,
        0.906166672706604
    ],
    "val_loss_values": [
        1.6499370336532593,
        1.0390442609786987,
        0.7741938233375549,
        0.6364880204200745,
        0.5624228119850159,
        0.515514612197876,
        0.4883580505847931,
        0.4557061195373535,
        0.4355269968509674,
        0.4284477233886719
    ],
    "val_accuracy_values": [
        0.5420000553131104,
        0.7320000529289246,
        0.8020000457763672,
        0.8260000348091125,
        0.843000054359436,
        0.8500000238418579,
        0.8540000319480896,
        0.8730000257492065,
        0.8690000176429749,
        0.8710000514984131
    ],
    "training_time_ms": 4826.20000000298,
    "inference_time_ms": 0.29999999701976776,
    "loss": 0.4284477233886719,
    "accuracy": 0.8710000514984131
}