{
    "loss_values": [
        0.8658711314201355,
        0.34779274463653564,
        0.29188382625579834,
        0.25721266865730286,
        0.231318399310112,
        0.2120380848646164,
        0.1956551969051361,
        0.1824439913034439,
        0.1703990399837494,
        0.15931467711925507
    ],
    "accuracy_values": [
        0.7535333633422852,
        0.8995000123977661,
        0.9152666926383972,
        0.9250500202178955,
        0.9318166971206665,
        0.9381833672523499,
        0.9427333474159241,
        0.9472000002861023,
        0.950783371925354,
        0.9533166885375977
    ],
    "val_loss_values": [
        0.3773365020751953,
        0.29824063181877136,
        0.2653347849845886,
        0.23649539053440094,
        0.21758003532886505,
        0.2025993913412094,
        0.19913390278816223,
        0.17883354425430298,
        0.16761578619480133,
        0.16018091142177582
    ],
    "val_accuracy_values": [
        0.8940000534057617,
        0.912600040435791,
        0.9225000143051147,
        0.9338000416755676,
        0.9387000203132629,
        0.9416000247001648,
        0.9422000646591187,
        0.947700023651123,
        0.9506000280380249,
        0.9517000317573547
    ],
    "training_time_ms": 49496.79999999702,
    "inference_time_ms": 0.7000000029802322,
    "loss": 0.16018091142177582,
    "accuracy": 0.9517000317573547
}