{
    "loss_values": [
        1.2448515892028809,
        0.45444679260253906,
        0.35693782567977905,
        0.3149767816066742,
        0.28659361600875854,
        0.26479676365852356,
        0.24723368883132935,
        0.23300403356552124,
        0.22073327004909515,
        0.20969615876674652
    ],
    "accuracy_values": [
        0.6455000042915344,
        0.8743000030517578,
        0.8996000289916992,
        0.9099000096321106,
        0.9190999865531921,
        0.9247000217437744,
        0.9309000372886658,
        0.9341999888420105,
        0.9369000196456909,
        0.9391999840736389
    ],
    "val_loss_values": [
        0.6531081795692444,
        0.4682229161262512,
        0.40371885895729065,
        0.36785203218460083,
        0.34572634100914,
        0.32345065474510193,
        0.3098248541355133,
        0.29604554176330566,
        0.28069472312927246,
        0.27211254835128784
    ],
    "val_accuracy_values": [
        0.8162000179290771,
        0.8632000684738159,
        0.8836000561714172,
        0.8952000141143799,
        0.9036000370979309,
        0.9054000377655029,
        0.9110000729560852,
        0.9154000282287598,
        0.9148000478744507,
        0.9204000234603882
    ],
    "training_time_ms": 23603.20000000298,
    "inference_time_ms": 0.30000001192092896,
    "loss": 0.27211254835128784,
    "accuracy": 0.9204000234603882
}