{
    "loss_values": [
        2.074427604675293,
        1.349388599395752,
        0.8220129013061523,
        0.6042758822441101,
        0.5002294182777405,
        0.4413111209869385,
        0.4017239212989807,
        0.37489140033721924,
        0.3532351851463318,
        0.3354492783546448
    ],
    "accuracy_values": [
        0.29466667771339417,
        0.7210000157356262,
        0.8068333268165588,
        0.8486666679382324,
        0.8725000023841858,
        0.8821666836738586,
        0.8894999623298645,
        0.8966666460037231,
        0.902999997138977,
        0.9070000052452087
    ],
    "val_loss_values": [
        1.8000800609588623,
        1.1037132740020752,
        0.7673212289810181,
        0.6145997643470764,
        0.5370119214057922,
        0.48689770698547363,
        0.4495376944541931,
        0.4323346018791199,
        0.41448265314102173,
        0.41503632068634033
    ],
    "val_accuracy_values": [
        0.5680000185966492,
        0.7540000081062317,
        0.8050000071525574,
        0.8299999833106995,
        0.8529999852180481,
        0.8629999756813049,
        0.8700000047683716,
        0.8730000257492065,
        0.8799999952316284,
        0.8769999742507935
    ],
    "training_time_ms": 17144.5,
    "inference_time_ms": 0.29999999701976776,
    "loss": 0.41503632068634033,
    "accuracy": 0.8769999742507935
}