{
    "loss_values": [
        1.2436530590057373,
        0.45839858055114746,
        0.36451539397239685,
        0.32198596000671387,
        0.2951449453830719,
        0.2756008207798004,
        0.25931623578071594,
        0.24505646526813507,
        0.2341049611568451,
        0.22310800850391388
    ],
    "accuracy_values": [
        0.6419000029563904,
        0.8732333183288574,
        0.8974666595458984,
        0.9089666604995728,
        0.9154999852180481,
        0.9225666522979736,
        0.9266666769981384,
        0.930233359336853,
        0.933733344078064,
        0.9365333318710327
    ],
    "val_loss_values": [
        0.6490784287452698,
        0.4770048260688782,
        0.41525912284851074,
        0.3823789656162262,
        0.3575011193752289,
        0.346566766500473,
        0.32141584157943726,
        0.31269437074661255,
        0.30207979679107666,
        0.29221051931381226
    ],
    "val_accuracy_values": [
        0.8159999847412109,
        0.8632000088691711,
        0.876800000667572,
        0.88919997215271,
        0.8966000080108643,
        0.9021999835968018,
        0.9057999849319458,
        0.907800018787384,
        0.9115999937057495,
        0.9160000085830688
    ],
    "training_time_ms": 94660.70000000298,
    "inference_time_ms": 0.5,
    "loss": 0.29221051931381226,
    "accuracy": 0.9160000085830688
}