{
    "loss_values": [
        2.144909381866455,
        1.5160071849822998,
        0.9230343103408813,
        0.6531209945678711,
        0.532880961894989,
        0.4668051600456238,
        0.42246097326278687,
        0.39118579030036926,
        0.3676638901233673,
        0.34664884209632874
    ],
    "accuracy_values": [
        0.2685000002384186,
        0.6153333187103271,
        0.7908333539962769,
        0.8389999866485596,
        0.85916668176651,
        0.8765000104904175,
        0.8846666812896729,
        0.893666684627533,
        0.8983333110809326,
        0.9051666855812073
    ],
    "val_loss_values": [
        1.9324713945388794,
        1.2497947216033936,
        0.8309264779090881,
        0.6582222580909729,
        0.5657883882522583,
        0.508517324924469,
        0.47242969274520874,
        0.4491700828075409,
        0.4349514842033386,
        0.40843501687049866
    ],
    "val_accuracy_values": [
        0.4300000071525574,
        0.7300000190734863,
        0.7900000214576721,
        0.8130000233650208,
        0.8410000205039978,
        0.8570000529289246,
        0.8610000610351562,
        0.8770000338554382,
        0.8760000467300415,
        0.8790000677108765
    ],
    "training_time_ms": 4907.5999999940395,
    "inference_time_ms": 0.30000001192092896,
    "loss": 0.40843501687049866,
    "accuracy": 0.8790000677108765
}