{
    "loss_values": [
        1.2215807437896729,
        0.4496981203556061,
        0.3556975722312927,
        0.31762316823005676,
        0.2927779257297516,
        0.27302098274230957,
        0.25781217217445374,
        0.24359893798828125,
        0.23059144616127014,
        0.21949458122253418
    ],
    "accuracy_values": [
        0.6729666590690613,
        0.8774333596229553,
        0.8999000191688538,
        0.9110333323478699,
        0.9176999926567078,
        0.9229333400726318,
        0.9273000359535217,
        0.9311333298683167,
        0.9338666796684265,
        0.9371333718299866
    ],
    "val_loss_values": [
        0.6552441716194153,
        0.47810983657836914,
        0.4269545078277588,
        0.37829524278640747,
        0.35536813735961914,
        0.3416617512702942,
        0.33067482709884644,
        0.3135373890399933,
        0.3157159686088562,
        0.28986307978630066
    ],
    "val_accuracy_values": [
        0.8184000253677368,
        0.8596000671386719,
        0.8770000338554382,
        0.8888000249862671,
        0.8994000554084778,
        0.9020000696182251,
        0.9012000560760498,
        0.9066000580787659,
        0.907800018787384,
        0.9124000668525696
    ],
    "training_time_ms": 23497.29999999702,
    "inference_time_ms": 0.29999999701976776,
    "loss": 0.28986307978630066,
    "accuracy": 0.9124000668525696
}