{
    "loss_values": [
        0.8383345007896423,
        0.33593299984931946,
        0.28537291288375854,
        0.2548779845237732,
        0.23109455406665802,
        0.21205230057239532,
        0.19529159367084503,
        0.18188199400901794,
        0.17006629705429077,
        0.15949389338493347
    ],
    "accuracy_values": [
        0.7710000276565552,
        0.9037333726882935,
        0.9165499806404114,
        0.9257166981697083,
        0.9319833517074585,
        0.9379166960716248,
        0.9433333277702332,
        0.9474999904632568,
        0.9508833289146423,
        0.9538333415985107
    ],
    "val_loss_values": [
        0.36407503485679626,
        0.2873474359512329,
        0.2601441442966461,
        0.23271973431110382,
        0.22285708785057068,
        0.19943805038928986,
        0.185765340924263,
        0.17530104517936707,
        0.16765321791172028,
        0.15485355257987976
    ],
    "val_accuracy_values": [
        0.8988000154495239,
        0.9182000160217285,
        0.9244000315666199,
        0.932200014591217,
        0.9327000379562378,
        0.940500020980835,
        0.9457000494003296,
        0.9468000531196594,
        0.9486000537872314,
        0.9533000588417053
    ],
    "training_time_ms": 49013.70000000298,
    "inference_time_ms": 0.699999988079071,
    "loss": 0.15485355257987976,
    "accuracy": 0.9533000588417053
}