{
    "loss_values": [
        1.061466932296753,
        0.4352749288082123,
        0.3482251465320587,
        0.3109028935432434,
        0.28466251492500305,
        0.264974445104599,
        0.24750570952892303,
        0.23260082304477692,
        0.22147594392299652,
        0.21005447208881378
    ],
    "accuracy_values": [
        0.7064666748046875,
        0.8799000382423401,
        0.9028333425521851,
        0.9128666520118713,
        0.9210333228111267,
        0.9254666566848755,
        0.9295333623886108,
        0.9332000017166138,
        0.9367666840553284,
        0.9385666847229004
    ],
    "val_loss_values": [
        0.5923488736152649,
        0.4517282247543335,
        0.3948347270488739,
        0.3762577772140503,
        0.3587208390235901,
        0.3273685574531555,
        0.31652143597602844,
        0.30815038084983826,
        0.2839849591255188,
        0.2785612642765045
    ],
    "val_accuracy_values": [
        0.8294000029563904,
        0.8723999857902527,
        0.8830000162124634,
        0.8899999856948853,
        0.8938000202178955,
        0.90420001745224,
        0.9071999788284302,
        0.9092000126838684,
        0.9187999963760376,
        0.9196000099182129
    ],
    "training_time_ms": 57653.20000000298,
    "inference_time_ms": 0.5999999940395355,
    "loss": 0.2785612642765045,
    "accuracy": 0.9196000099182129
}