{
    "loss_values": [
        2.108102560043335,
        1.447668433189392,
        0.8737662434577942,
        0.6242976188659668,
        0.5107253789901733,
        0.4465203285217285,
        0.4068455398082733,
        0.3771952688694,
        0.35423076152801514,
        0.3366277813911438
    ],
    "accuracy_values": [
        0.31966665387153625,
        0.6581666469573975,
        0.8029999732971191,
        0.8519999980926514,
        0.8698333501815796,
        0.8833333253860474,
        0.8903332948684692,
        0.9024999737739563,
        0.9041666388511658,
        0.906166672706604
    ],
    "val_loss_values": [
        1.8883638381958008,
        1.2035880088806152,
        0.8277661204338074,
        0.6663082838058472,
        0.5831672549247742,
        0.5472611784934998,
        0.49686574935913086,
        0.4716110825538635,
        0.44783759117126465,
        0.433449923992157
    ],
    "val_accuracy_values": [
        0.5199999809265137,
        0.7070000171661377,
        0.7940000295639038,
        0.8230000138282776,
        0.8349999785423279,
        0.8379999995231628,
        0.8539999723434448,
        0.8629999756813049,
        0.8659999966621399,
        0.871999979019165
    ],
    "training_time_ms": 12015,
    "inference_time_ms": 0.3999999910593033,
    "loss": 0.433449923992157,
    "accuracy": 0.871999979019165
}