{
    "loss_values": [
        2.1032283306121826,
        1.530652642250061,
        0.9729477167129517,
        0.6889719367027283,
        0.5591320395469666,
        0.4864256978034973,
        0.43754565715789795,
        0.403266966342926,
        0.377279669046402,
        0.3542519211769104
    ],
    "accuracy_values": [
        0.32983332872390747,
        0.6004999876022339,
        0.7668333053588867,
        0.8228332996368408,
        0.8535000085830688,
        0.8709999918937683,
        0.8808333277702332,
        0.887666642665863,
        0.8973333239555359,
        0.9009999632835388
    ],
    "val_loss_values": [
        1.9125899076461792,
        1.3185713291168213,
        0.9022236466407776,
        0.7362370491027832,
        0.6146346926689148,
        0.5537706017494202,
        0.5191425085067749,
        0.497894287109375,
        0.4633035659790039,
        0.4427833557128906
    ],
    "val_accuracy_values": [
        0.46799999475479126,
        0.6740000247955322,
        0.7670000195503235,
        0.7860000133514404,
        0.8389999866485596,
        0.8510000109672546,
        0.8579999804496765,
        0.8579999804496765,
        0.8659999966621399,
        0.8690000176429749
    ],
    "training_time_ms": 17902.59999999404,
    "inference_time_ms": 0.10000000894069672,
    "loss": 0.4427833557128906,
    "accuracy": 0.8690000176429749
}