{
    "loss_values": [
        0.8517234921455383,
        0.3455747067928314,
        0.29514840245246887,
        0.26376578211784363,
        0.23949114978313446,
        0.21876947581768036,
        0.20153354108333588,
        0.1881493479013443,
        0.17613187432289124,
        0.165614053606987
    ],
    "accuracy_values": [
        0.7607166767120361,
        0.900350034236908,
        0.9148499965667725,
        0.9235666990280151,
        0.9309999942779541,
        0.9362833499908447,
        0.940933346748352,
        0.9446166753768921,
        0.9494667053222656,
        0.9516666531562805
    ],
    "val_loss_values": [
        0.37122300267219543,
        0.3008343279361725,
        0.268841952085495,
        0.24991749227046967,
        0.22333212196826935,
        0.20881378650665283,
        0.19903749227523804,
        0.18495410680770874,
        0.17691084742546082,
        0.17101633548736572
    ],
    "val_accuracy_values": [
        0.8938000202178955,
        0.9143000245094299,
        0.9221000671386719,
        0.9268000721931458,
        0.9346000552177429,
        0.9379000663757324,
        0.9410000443458557,
        0.945900022983551,
        0.9468000531196594,
        0.9512000679969788
    ],
    "training_time_ms": 49076.5,
    "inference_time_ms": 0.7999999970197678,
    "loss": 0.17101633548736572,
    "accuracy": 0.9512000679969788
}