{
    "loss_values": [
        2.0834295749664307,
        1.4661321640014648,
        0.9146024584770203,
        0.664737343788147,
        0.5431432127952576,
        0.471751868724823,
        0.4244776666164398,
        0.3909374177455902,
        0.3655664324760437,
        0.3461627662181854
    ],
    "accuracy_values": [
        0.33500000834465027,
        0.640666663646698,
        0.7883332967758179,
        0.8320000171661377,
        0.8546666502952576,
        0.8736666440963745,
        0.8859999775886536,
        0.8921666741371155,
        0.8998333215713501,
        0.9028333425521851
    ],
    "val_loss_values": [
        1.8877766132354736,
        1.2434172630310059,
        0.8585987091064453,
        0.6899763941764832,
        0.5922751426696777,
        0.5306622982025146,
        0.501613438129425,
        0.4728763699531555,
        0.4441806375980377,
        0.4280547797679901
    ],
    "val_accuracy_values": [
        0.46000000834465027,
        0.703000009059906,
        0.7660000324249268,
        0.8080000281333923,
        0.8330000638961792,
        0.8570000529289246,
        0.8570000529289246,
        0.8700000643730164,
        0.8720000386238098,
        0.8740000128746033
    ],
    "training_time_ms": 4994,
    "inference_time_ms": 0.3999999910593033,
    "loss": 0.4280547797679901,
    "accuracy": 0.8740000128746033
}