{
    "loss_values": [
        1.2859190702438354,
        0.4584328532218933,
        0.36554980278015137,
        0.32301056385040283,
        0.2936844527721405,
        0.2727348208427429,
        0.25472667813301086,
        0.23997096717357635,
        0.22739756107330322,
        0.2156466692686081
    ],
    "accuracy_values": [
        0.6405333280563354,
        0.8752666711807251,
        0.8984667062759399,
        0.9090666770935059,
        0.9165999889373779,
        0.9224333167076111,
        0.9273000359535217,
        0.9310333728790283,
        0.9338333606719971,
        0.9387000203132629
    ],
    "val_loss_values": [
        0.666420578956604,
        0.4836549162864685,
        0.42872652411460876,
        0.3827122747898102,
        0.35524097084999084,
        0.33285582065582275,
        0.31907781958580017,
        0.30954709649086,
        0.2936830222606659,
        0.284542977809906
    ],
    "val_accuracy_values": [
        0.8162000179290771,
        0.8664000630378723,
        0.8754000663757324,
        0.8878000378608704,
        0.8960000276565552,
        0.9046000242233276,
        0.9064000248908997,
        0.9092000722885132,
        0.9102000594139099,
        0.912600040435791
    ],
    "training_time_ms": 23708.5,
    "inference_time_ms": 0.29999999701976776,
    "loss": 0.284542977809906,
    "accuracy": 0.912600040435791
}