{
    "loss_values": [
        2.134260654449463,
        1.5302037000656128,
        0.9643124341964722,
        0.683501124382019,
        0.5510183572769165,
        0.4799591898918152,
        0.43344008922576904,
        0.4016103446483612,
        0.3763132691383362,
        0.3553738594055176
    ],
    "accuracy_values": [
        0.29999998211860657,
        0.6395000219345093,
        0.7944999933242798,
        0.8356666564941406,
        0.8589999675750732,
        0.8731666803359985,
        0.8843333125114441,
        0.8921666741371155,
        0.8968333005905151,
        0.9008333086967468
    ],
    "val_loss_values": [
        1.9287923574447632,
        1.2881605625152588,
        0.8906440734863281,
        0.689906120300293,
        0.5951363444328308,
        0.541151225566864,
        0.500360369682312,
        0.4671269953250885,
        0.4477687180042267,
        0.42881783843040466
    ],
    "val_accuracy_values": [
        0.4830000102519989,
        0.7200000286102295,
        0.7790000438690186,
        0.8380000591278076,
        0.8460000157356262,
        0.8610000610351562,
        0.862000048160553,
        0.8740000128746033,
        0.8740000128746033,
        0.8770000338554382
    ],
    "training_time_ms": 5113,
    "inference_time_ms": 0.29999999701976776,
    "loss": 0.42881783843040466,
    "accuracy": 0.8770000338554382
}