{
    "loss_values": [
        1.2489961385726929,
        0.45234593749046326,
        0.3528493344783783,
        0.311333030462265,
        0.28433603048324585,
        0.2638475000858307,
        0.24871639907360077,
        0.23538264632225037,
        0.22305217385292053,
        0.21287699043750763
    ],
    "accuracy_values": [
        0.6446666717529297,
        0.8755000233650208,
        0.8993333578109741,
        0.9107666611671448,
        0.9174000024795532,
        0.9235000014305115,
        0.9278333187103271,
        0.9329000115394592,
        0.9362333416938782,
        0.9388666749000549
    ],
    "val_loss_values": [
        0.6634467244148254,
        0.47214171290397644,
        0.41026315093040466,
        0.3700726628303528,
        0.3503882586956024,
        0.3332168757915497,
        0.32088059186935425,
        0.304553359746933,
        0.2912379503250122,
        0.2867633104324341
    ],
    "val_accuracy_values": [
        0.8200000524520874,
        0.8616000413894653,
        0.881600022315979,
        0.8932000398635864,
        0.8958000540733337,
        0.900600016117096,
        0.9056000709533691,
        0.9100000262260437,
        0.912600040435791,
        0.9154000282287598
    ],
    "training_time_ms": 23346.59999999404,
    "inference_time_ms": 0.20000000298023224,
    "loss": 0.2867633104324341,
    "accuracy": 0.9154000282287598
}