{
    "loss_values": [
        0.8637771010398865,
        0.35566747188568115,
        0.29863476753234863,
        0.26602044701576233,
        0.24063579738140106,
        0.22180306911468506,
        0.20550523698329926,
        0.19267787039279938,
        0.18159513175487518,
        0.17228877544403076
    ],
    "accuracy_values": [
        0.7556833624839783,
        0.8972499966621399,
        0.9121833443641663,
        0.9222833514213562,
        0.9296833276748657,
        0.9353333711624146,
        0.9397500157356262,
        0.9437666535377502,
        0.9467666745185852,
        0.94964998960495
    ],
    "val_loss_values": [
        0.39052239060401917,
        0.3187296390533447,
        0.2730993926525116,
        0.2515057921409607,
        0.2324903905391693,
        0.21639451384544373,
        0.20239940285682678,
        0.19436931610107422,
        0.18476220965385437,
        0.17587997019290924
    ],
    "val_accuracy_values": [
        0.888200044631958,
        0.9087000489234924,
        0.9222000241279602,
        0.9260000586509705,
        0.9318000674247742,
        0.9354000687599182,
        0.9397000670433044,
        0.9411000609397888,
        0.9447000622749329,
        0.9465000629425049
    ],
    "training_time_ms": 46789.40000000596,
    "inference_time_ms": 1,
    "loss": 0.17587997019290924,
    "accuracy": 0.9465000629425049
}