{
    "loss_values": [
        2.052981376647949,
        1.3293694257736206,
        0.8514922857284546,
        0.6543424725532532,
        0.547094464302063,
        0.4770427942276001,
        0.4274289906024933,
        0.39176392555236816,
        0.36474376916885376,
        0.34438276290893555
    ],
    "accuracy_values": [
        0.32216665148735046,
        0.6708333492279053,
        0.765999972820282,
        0.8213333487510681,
        0.8516666293144226,
        0.8693333268165588,
        0.8838333487510681,
        0.8941666483879089,
        0.9008333086967468,
        0.9074999690055847
    ],
    "val_loss_values": [
        1.7967780828475952,
        1.11741304397583,
        0.8242112398147583,
        0.687390923500061,
        0.6087742447853088,
        0.5514532923698425,
        0.5092885494232178,
        0.4723753035068512,
        0.4605817198753357,
        0.445144921541214
    ],
    "val_accuracy_values": [
        0.48500001430511475,
        0.6880000233650208,
        0.7509999871253967,
        0.7940000295639038,
        0.8069999814033508,
        0.8289999961853027,
        0.8550000190734863,
        0.8640000224113464,
        0.8600000143051147,
        0.8640000224113464
    ],
    "training_time_ms": 11217.09999999404,
    "inference_time_ms": 1,
    "loss": 0.445144921541214,
    "accuracy": 0.8640000224113464
}