{
    "loss_values": [
        1.262001633644104,
        0.4529653489589691,
        0.35149046778678894,
        0.31016984581947327,
        0.28421565890312195,
        0.26389291882514954,
        0.24844732880592346,
        0.23428869247436523,
        0.22155781090259552,
        0.2100604772567749
    ],
    "accuracy_values": [
        0.6301000118255615,
        0.8780666589736938,
        0.9027667045593262,
        0.9118333458900452,
        0.9196000099182129,
        0.9255666732788086,
        0.9297000169754028,
        0.9337666630744934,
        0.9376000165939331,
        0.940500020980835
    ],
    "val_loss_values": [
        0.6618626713752747,
        0.47474443912506104,
        0.39515358209609985,
        0.3699575364589691,
        0.3453770875930786,
        0.32268908619880676,
        0.30528950691223145,
        0.29406216740608215,
        0.28140580654144287,
        0.2845746874809265
    ],
    "val_accuracy_values": [
        0.8235999941825867,
        0.8604000210762024,
        0.8894000053405762,
        0.8925999999046326,
        0.9010000228881836,
        0.9074000120162964,
        0.9125999808311462,
        0.9132000207901001,
        0.9154000282287598,
        0.9168000221252441
    ],
    "training_time_ms": 56487.60000000894,
    "inference_time_ms": 0.6000000089406967,
    "loss": 0.2845746874809265,
    "accuracy": 0.9168000221252441
}