{
    "loss_values": [
        0.7728376388549805,
        0.3317134380340576,
        0.2811146378517151,
        0.2497415393590927,
        0.22658462822437286,
        0.20708860456943512,
        0.1914311796426773,
        0.17736127972602844,
        0.1653435379266739,
        0.1551574021577835
    ],
    "accuracy_values": [
        0.791366696357727,
        0.9054999947547913,
        0.9194333553314209,
        0.9285500049591064,
        0.9350500106811523,
        0.9399999976158142,
        0.9447166919708252,
        0.9485000371932983,
        0.9523666501045227,
        0.9547500014305115
    ],
    "val_loss_values": [
        0.3502456247806549,
        0.2847864329814911,
        0.2536018192768097,
        0.22734054923057556,
        0.20886246860027313,
        0.19759789109230042,
        0.1830361932516098,
        0.16834378242492676,
        0.15819218754768372,
        0.15563556551933289
    ],
    "val_accuracy_values": [
        0.9013000130653381,
        0.917900025844574,
        0.926800012588501,
        0.9345999956130981,
        0.9383000135421753,
        0.9430999755859375,
        0.9470999836921692,
        0.9498999714851379,
        0.9520000219345093,
        0.9541000127792358
    ],
    "training_time_ms": 112229.19999998808,
    "inference_time_ms": 0.800000011920929,
    "loss": 0.15563556551933289,
    "accuracy": 0.9541000127792358
}