{"loss_values": [1.9800570011138916, 1.1993365287780762, 0.7740843296051025, 0.599584698677063, 0.5074803233146667, 0.44979292154312134, 0.4077316224575043, 0.37407466769218445, 0.34870797395706177, 0.3275582790374756], "accuracy_values": [0.35466668009757996, 0.7124999761581421, 0.8054999709129333, 0.8420000076293945, 0.8629999756813049, 0.8774999976158142, 0.8893333077430725, 0.8958333134651184, 0.9045000076293945, 0.9121666550636292], "val_loss_values": [1.66091787815094, 1.0428565740585327, 0.7921552658081055, 0.6509150266647339, 0.5748980045318604, 0.532463788986206, 0.4849727153778076, 0.4568054676055908, 0.43064257502555847, 0.4156566262245178], "val_accuracy_values": [0.5600000023841858, 0.75, 0.7919999957084656, 0.828000009059906, 0.8479999899864197, 0.8579999804496765, 0.8640000224113464, 0.875, 0.8790000081062317, 0.8830000162124634], "training_time_ms": 6304.411348999565, "inference_time_ms": 284.5003219999853, "loss": 0.4156566262245178, "accuracy": 0.8830000162124634}