{
    "loss_values": [
        0.7964915633201599,
        0.3399997353553772,
        0.28619658946990967,
        0.2539982795715332,
        0.23019550740718842,
        0.21094147861003876,
        0.194406196475029,
        0.1808594912290573,
        0.16969184577465057,
        0.1605910062789917
    ],
    "accuracy_values": [
        0.7807666659355164,
        0.903166651725769,
        0.9180166721343994,
        0.9262499809265137,
        0.9326666593551636,
        0.9383666515350342,
        0.942716658115387,
        0.9469166994094849,
        0.9507666826248169,
        0.953000009059906
    ],
    "val_loss_values": [
        0.36929449439048767,
        0.2941863536834717,
        0.26059845089912415,
        0.23342135548591614,
        0.21609538793563843,
        0.19882230460643768,
        0.18841992318630219,
        0.17723196744918823,
        0.17199474573135376,
        0.16090835630893707
    ],
    "val_accuracy_values": [
        0.8944000005722046,
        0.9192000031471252,
        0.9283000230789185,
        0.9343000054359436,
        0.9381999969482422,
        0.9419999718666077,
        0.9449999928474426,
        0.9467999935150146,
        0.9488000273704529,
        0.9534000158309937
    ],
    "training_time_ms": 211687.69999998808,
    "inference_time_ms": 0.30000001192092896,
    "loss": 0.16090835630893707,
    "accuracy": 0.9534000158309937
}