{
    "loss_values": [
        2.137873888015747,
        1.5732299089431763,
        0.9827883839607239,
        0.6966427564620972,
        0.5616781115531921,
        0.4830542802810669,
        0.43134626746177673,
        0.3944181799888611,
        0.36624234914779663,
        0.3472284972667694
    ],
    "accuracy_values": [
        0.31183332204818726,
        0.6054999828338623,
        0.7616666555404663,
        0.8255000114440918,
        0.8504999876022339,
        0.871666669845581,
        0.8813333511352539,
        0.8916666507720947,
        0.9011666774749756,
        0.903499960899353
    ],
    "val_loss_values": [
        1.9449405670166016,
        1.2912266254425049,
        0.8781088590621948,
        0.7044710516929626,
        0.5899615287780762,
        0.5431464314460754,
        0.4914495050907135,
        0.45858481526374817,
        0.4431503713130951,
        0.425712525844574
    ],
    "val_accuracy_values": [
        0.43799999356269836,
        0.6700000166893005,
        0.7680000066757202,
        0.8040000200271606,
        0.8330000042915344,
        0.8450000286102295,
        0.8619999885559082,
        0.8730000257492065,
        0.8700000047683716,
        0.8759999871253967
    ],
    "training_time_ms": 18301.70000000298,
    "inference_time_ms": 0.4000000059604645,
    "loss": 0.425712525844574,
    "accuracy": 0.8759999871253967
}