{
    "loss_values": [
        1.153753638267517,
        0.4261030852794647,
        0.34091925621032715,
        0.30336761474609375,
        0.2787468433380127,
        0.260532945394516,
        0.24474281072616577,
        0.2317829430103302,
        0.22002576291561127,
        0.20903067290782928
    ],
    "accuracy_values": [
        0.6884000301361084,
        0.8837000131607056,
        0.9046666622161865,
        0.9146666526794434,
        0.921833336353302,
        0.9264333248138428,
        0.9300000071525574,
        0.9342333674430847,
        0.9374333620071411,
        0.9412333369255066
    ],
    "val_loss_values": [
        0.6060097217559814,
        0.4398781657218933,
        0.39134058356285095,
        0.3565399646759033,
        0.3396134376525879,
        0.31961557269096375,
        0.31338614225387573,
        0.2963167130947113,
        0.28349629044532776,
        0.2756817042827606
    ],
    "val_accuracy_values": [
        0.8302000164985657,
        0.8740000128746033,
        0.8838000297546387,
        0.8942000269889832,
        0.9003999829292297,
        0.9049999713897705,
        0.9053999781608582,
        0.9129999876022339,
        0.9146000146865845,
        0.9175999760627747
    ],
    "training_time_ms": 107628.89999999106,
    "inference_time_ms": 0.29999999701976776,
    "loss": 0.2756817042827606,
    "accuracy": 0.9175999760627747
}