{
  "loss_values": [
    1.0784029960632324,
    0.4207004904747009,
    0.34279143810272217,
    0.307668536901474,
    0.28335168957710266,
    0.26589593291282654,
    0.24946358799934387,
    0.2353965789079666,
    0.22156766057014465,
    0.2097109705209732
  ],
  "accuracy_values": [
    0.6913333535194397,
    0.8828333616256714,
    0.9018333554267883,
    0.9115000367164612,
    0.9182666540145874,
    0.9239667057991028,
    0.9297000169754028,
    0.9334666728973389,
    0.9377666711807251,
    0.9413666725158691
  ],
  "val_loss_values": [
    0.5897939205169678,
    0.4411887228488922,
    0.39669176936149597,
    0.35762983560562134,
    0.35078519582748413,
    0.3293363153934479,
    0.3132413923740387,
    0.3055628538131714,
    0.2898966670036316,
    0.28474026918411255
  ],
  "val_accuracy_values": [
    0.8388000130653381,
    0.8726000189781189,
    0.8809999823570251,
    0.8930000066757202,
    0.8971999883651733,
    0.9047999978065491,
    0.907800018787384,
    0.9085999727249146,
    0.9168000221252441,
    0.9128000140190125
  ],
  "training_time_ms": 86906.90000000596,
  "inference_time_ms": 0.7000000029802322,
  "loss": 0.28474026918411255,
  "accuracy": 0.9128000140190125
}