{
    "loss_values": [
        0.8117095828056335,
        0.331983357667923,
        0.2797073721885681,
        0.2464645951986313,
        0.22013646364212036,
        0.1995728313922882,
        0.1831933706998825,
        0.16950610280036926,
        0.15786004066467285,
        0.14850959181785583
    ],
    "accuracy_values": [
        0.7664666771888733,
        0.9057000279426575,
        0.9190999865531921,
        0.9289500117301941,
        0.9362166523933411,
        0.9421166777610779,
        0.9472000002861023,
        0.9515833258628845,
        0.9545833468437195,
        0.9570000171661377
    ],
    "val_loss_values": [
        0.35433921217918396,
        0.28230175375938416,
        0.24900716543197632,
        0.22113582491874695,
        0.20271532237529755,
        0.18410523235797882,
        0.1712993085384369,
        0.16621507704257965,
        0.15329782664775848,
        0.14588575065135956
    ],
    "val_accuracy_values": [
        0.9005000591278076,
        0.9187000393867493,
        0.9261000156402588,
        0.9361000657081604,
        0.9402000308036804,
        0.9451000690460205,
        0.9503000378608704,
        0.9518000483512878,
        0.9533000588417053,
        0.9566000699996948
    ],
    "training_time_ms": 48044.5,
    "inference_time_ms": 0.5,
    "loss": 0.14588575065135956,
    "accuracy": 0.9566000699996948
}