{
    "loss_values": [
        1.2344270944595337,
        0.45903539657592773,
        0.3582938611507416,
        0.31772294640541077,
        0.2918562889099121,
        0.27132248878479004,
        0.2551382780075073,
        0.24129463732242584,
        0.2272152304649353,
        0.21633824706077576
    ],
    "accuracy_values": [
        0.6230666637420654,
        0.8743667006492615,
        0.899066686630249,
        0.9103666543960571,
        0.9161333441734314,
        0.9229666590690613,
        0.9280666708946228,
        0.9323999881744385,
        0.9351666569709778,
        0.9380666613578796
    ],
    "val_loss_values": [
        0.6516187787055969,
        0.4628889262676239,
        0.4141049087047577,
        0.3720403015613556,
        0.3535376787185669,
        0.34363245964050293,
        0.32278376817703247,
        0.3060706555843353,
        0.29794076085090637,
        0.2863979935646057
    ],
    "val_accuracy_values": [
        0.813800036907196,
        0.8690000176429749,
        0.8792000412940979,
        0.8902000188827515,
        0.8962000608444214,
        0.8960000276565552,
        0.9034000635147095,
        0.9102000594139099,
        0.9118000268936157,
        0.9114000201225281
    ],
    "training_time_ms": 24447,
    "inference_time_ms": 0.29999999701976776,
    "loss": 0.2863979935646057,
    "accuracy": 0.9114000201225281
}