{
    "loss_values": [
        2.159372091293335,
        1.7084182500839233,
        1.1229757070541382,
        0.7847148180007935,
        0.6258760690689087,
        0.5324734449386597,
        0.4703919589519501,
        0.4273284375667572,
        0.3945452570915222,
        0.36839765310287476
    ],
    "accuracy_values": [
        0.23549999296665192,
        0.5379999876022339,
        0.7398333549499512,
        0.79666668176651,
        0.8326666355133057,
        0.8536666631698608,
        0.8725000023841858,
        0.8798333406448364,
        0.8901666402816772,
        0.8970000147819519
    ],
    "val_loss_values": [
        2.0439083576202393,
        1.495490550994873,
        1.0271583795547485,
        0.8083711862564087,
        0.6812319159507751,
        0.5969344973564148,
        0.5560656189918518,
        0.5113665461540222,
        0.4770679771900177,
        0.45154300332069397
    ],
    "val_accuracy_values": [
        0.36400002241134644,
        0.6530000567436218,
        0.7390000224113464,
        0.7610000371932983,
        0.8080000281333923,
        0.8270000219345093,
        0.8320000171661377,
        0.8440000414848328,
        0.862000048160553,
        0.8660000562667847
    ],
    "training_time_ms": 4887.5999999940395,
    "inference_time_ms": 0.29999999701976776,
    "loss": 0.45154300332069397,
    "accuracy": 0.8660000562667847
}