{
    "loss_values": [
        2.088139533996582,
        1.4492418766021729,
        0.8947879672050476,
        0.6544709205627441,
        0.5410903692245483,
        0.4756474196910858,
        0.430363267660141,
        0.39718058705329895,
        0.37089046835899353,
        0.3487210273742676
    ],
    "accuracy_values": [
        0.3591666519641876,
        0.6596666574478149,
        0.7956666350364685,
        0.8401666283607483,
        0.8604999780654907,
        0.8726666569709778,
        0.8821666836738586,
        0.8918333053588867,
        0.8998333215713501,
        0.9046666622161865
    ],
    "val_loss_values": [
        1.8671486377716064,
        1.2021621465682983,
        0.8351496458053589,
        0.6712514758110046,
        0.5889265537261963,
        0.5439901947975159,
        0.5218662619590759,
        0.4842236042022705,
        0.4625609517097473,
        0.43630480766296387
    ],
    "val_accuracy_values": [
        0.48899999260902405,
        0.7269999980926514,
        0.7689999938011169,
        0.8109999895095825,
        0.8330000042915344,
        0.8399999737739563,
        0.843999981880188,
        0.8510000109672546,
        0.8619999885559082,
        0.8730000257492065
    ],
    "training_time_ms": 11486.699999988079,
    "inference_time_ms": 0.3999999910593033,
    "loss": 0.43630480766296387,
    "accuracy": 0.8730000257492065
}