{
    "loss_values": [
        0.8476691246032715,
        0.3569897711277008,
        0.2978118658065796,
        0.2616329491138458,
        0.234486922621727,
        0.21237409114837646,
        0.19484908878803253,
        0.18038557469844818,
        0.16759155690670013,
        0.15798982977867126
    ],
    "accuracy_values": [
        0.7675166726112366,
        0.8977833390235901,
        0.9138333201408386,
        0.9240999817848206,
        0.9325667023658752,
        0.93913334608078,
        0.9431333541870117,
        0.9470000267028809,
        0.9508500099182129,
        0.9538333415985107
    ],
    "val_loss_values": [
        0.3816802501678467,
        0.3103877604007721,
        0.26574090123176575,
        0.2440987378358841,
        0.2155749499797821,
        0.2009454369544983,
        0.18662574887275696,
        0.17179934680461884,
        0.17218102514743805,
        0.1651969850063324
    ],
    "val_accuracy_values": [
        0.8895999789237976,
        0.9082000255584717,
        0.923799991607666,
        0.9282000064849854,
        0.9370999932289124,
        0.9409000277519226,
        0.9444000124931335,
        0.9496999979019165,
        0.9476000070571899,
        0.9490000009536743
    ],
    "training_time_ms": 112761.29999999702,
    "inference_time_ms": 1.2999999970197678,
    "loss": 0.1651969850063324,
    "accuracy": 0.9490000009536743
}