{
    "loss_values": [
        1.1536413431167603,
        0.43351009488105774,
        0.35548821091651917,
        0.3207934498786926,
        0.29825538396835327,
        0.2804461717605591,
        0.2648784816265106,
        0.2510210871696472,
        0.23817043006420135,
        0.2265685349702835
    ],
    "accuracy_values": [
        0.6682666540145874,
        0.8807666897773743,
        0.8980333209037781,
        0.9083333611488342,
        0.9153333306312561,
        0.920199990272522,
        0.9251333475112915,
        0.9285666942596436,
        0.9330999851226807,
        0.9356333613395691
    ],
    "val_loss_values": [
        0.6316949129104614,
        0.45987945795059204,
        0.4137440025806427,
        0.4164617657661438,
        0.37713009119033813,
        0.34723663330078125,
        0.3325258195400238,
        0.3274959623813629,
        0.31558772921562195,
        0.3111605942249298
    ],
    "val_accuracy_values": [
        0.8119999766349792,
        0.8636000156402588,
        0.876800000667572,
        0.8763999938964844,
        0.8859999775886536,
        0.8999999761581421,
        0.9038000106811523,
        0.902400016784668,
        0.9106000065803528,
        0.9097999930381775
    ],
    "training_time_ms": 57030.59999999404,
    "inference_time_ms": 0.6000000089406967,
    "loss": 0.3111605942249298,
    "accuracy": 0.9097999930381775
}