{
    "loss_values": [
        0.7515514492988586,
        0.330400288105011,
        0.280036598443985,
        0.2467823177576065,
        0.21959607303142548,
        0.19851219654083252,
        0.18185169994831085,
        0.16711194813251495,
        0.15514682233333588,
        0.14595139026641846
    ],
    "accuracy_values": [
        0.7886666655540466,
        0.9048333168029785,
        0.919533371925354,
        0.9296500086784363,
        0.9371833205223083,
        0.9438333511352539,
        0.9468666911125183,
        0.9517666697502136,
        0.9546666741371155,
        0.957716703414917
    ],
    "val_loss_values": [
        0.3437134623527527,
        0.2962383031845093,
        0.2524327039718628,
        0.2237938493490219,
        0.20656177401542664,
        0.18840914964675903,
        0.1772424727678299,
        0.16288049519062042,
        0.1659311056137085,
        0.1481783092021942
    ],
    "val_accuracy_values": [
        0.9010000228881836,
        0.914900004863739,
        0.9276999831199646,
        0.9340999722480774,
        0.9401000142097473,
        0.9452000260353088,
        0.9484000205993652,
        0.9521999955177307,
        0.9513000249862671,
        0.9556999802589417
    ],
    "training_time_ms": 113642.29999999702,
    "inference_time_ms": 19.700000002980232,
    "loss": 0.1481783092021942,
    "accuracy": 0.9556999802589417
}