{
    "loss_values": [
        1.3051377534866333,
        0.4624709486961365,
        0.3622572124004364,
        0.320065975189209,
        0.29183429479599,
        0.2704557776451111,
        0.2525710165500641,
        0.23780229687690735,
        0.22426488995552063,
        0.21224579215049744
    ],
    "accuracy_values": [
        0.6206666827201843,
        0.8745999932289124,
        0.8994333148002625,
        0.90993332862854,
        0.9164000153541565,
        0.9222333431243896,
        0.9275333285331726,
        0.9309000372886658,
        0.9357333183288574,
        0.9386000037193298
    ],
    "val_loss_values": [
        0.6635600328445435,
        0.4831100106239319,
        0.41231441497802734,
        0.38584065437316895,
        0.3563787639141083,
        0.3391560912132263,
        0.32530802488327026,
        0.29855164885520935,
        0.3004743754863739,
        0.28344273567199707
    ],
    "val_accuracy_values": [
        0.8248000144958496,
        0.8654000163078308,
        0.8848000168800354,
        0.8902000188827515,
        0.897599995136261,
        0.9016000032424927,
        0.9047999978065491,
        0.9165999889373779,
        0.9129999876022339,
        0.9156000018119812
    ],
    "training_time_ms": 56432.09999999404,
    "inference_time_ms": 0.699999988079071,
    "loss": 0.28344273567199707,
    "accuracy": 0.9156000018119812
}