{
    "loss_values": [
        2.0591838359832764,
        1.3516676425933838,
        0.8421508073806763,
        0.6222445964813232,
        0.5157114267349243,
        0.45411625504493713,
        0.41202035546302795,
        0.38158342242240906,
        0.3577283024787903,
        0.3373035788536072
    ],
    "accuracy_values": [
        0.3331666588783264,
        0.6888332962989807,
        0.8028333187103271,
        0.8479999899864197,
        0.8643333315849304,
        0.8768333196640015,
        0.8865000009536743,
        0.893833339214325,
        0.8998333215713501,
        0.906166672706604
    ],
    "val_loss_values": [
        1.7889621257781982,
        1.138558030128479,
        0.7928329706192017,
        0.6455742716789246,
        0.5854241847991943,
        0.5162853598594666,
        0.4903206527233124,
        0.4534745514392853,
        0.4400137960910797,
        0.4140130281448364
    ],
    "val_accuracy_values": [
        0.5519999861717224,
        0.7250000238418579,
        0.7839999794960022,
        0.824999988079071,
        0.8289999961853027,
        0.8519999980926514,
        0.8610000014305115,
        0.8700000047683716,
        0.8700000047683716,
        0.8740000128746033
    ],
    "training_time_ms": 11556.09999999404,
    "inference_time_ms": 0.19999998807907104,
    "loss": 0.4140130281448364,
    "accuracy": 0.8740000128746033
}