{
    "rust_wasm_cpu": {
        "10%": {
            "training_time": {
                "ci_lower": 0.05847530292439514,
                "ci_upper": 0.09025803040893822
            },
            "inference_time": {
                "ci_lower": 0.0001,
                "ci_upper": 0.0001
            },
            "mse": {
                "ci_lower": 4207718342.946518,
                "ci_upper": 4207718342.946521
            },
            "r2": {
                "ci_lower": 0.45010922262734676,
                "ci_upper": 0.4501092226273471
            }
        }
    }
}