{
    "loss_values": [
        0.9140933156013489,
        0.34224650263786316,
        0.2829195559024811,
        0.24975794553756714,
        0.22620956599712372,
        0.20712058246135712,
        0.19087055325508118,
        0.17794066667556763,
        0.1660747230052948,
        0.15607713162899017
    ],
    "accuracy_values": [
        0.7330499887466431,
        0.9027500152587891,
        0.9185667037963867,
        0.9276666641235352,
        0.9357500076293945,
        0.9404000043869019,
        0.9456666707992554,
        0.9490166902542114,
        0.9526333212852478,
        0.9554499983787537
    ],
    "val_loss_values": [
        0.3777194619178772,
        0.2888612449169159,
        0.25013497471809387,
        0.22765573859214783,
        0.21494027972221375,
        0.19484403729438782,
        0.1844225525856018,
        0.17317873239517212,
        0.17027734220027924,
        0.16308900713920593
    ],
    "val_accuracy_values": [
        0.896399974822998,
        0.9190000295639038,
        0.9289000034332275,
        0.9362000226974487,
        0.9369999766349792,
        0.9430000185966492,
        0.9437999725341797,
        0.9467999935150146,
        0.9488000273704529,
        0.9502999782562256
    ],
    "training_time_ms": 218979.69999998808,
    "inference_time_ms": 0.4000000059604645,
    "loss": 0.16308900713920593,
    "accuracy": 0.9502999782562256
}