{
    "loss_values": [
        2.1564810276031494,
        1.5685771703720093,
        0.9677932262420654,
        0.6958925127983093,
        0.5626835227012634,
        0.4838436245918274,
        0.4316873252391815,
        0.3929535746574402,
        0.36544692516326904,
        0.34417298436164856
    ],
    "accuracy_values": [
        0.2698333263397217,
        0.6188333034515381,
        0.7709999680519104,
        0.828166663646698,
        0.8558333516120911,
        0.8766666650772095,
        0.8861666321754456,
        0.8978333473205566,
        0.9026666283607483,
        0.9068333506584167
    ],
    "val_loss_values": [
        1.9412049055099487,
        1.287853717803955,
        0.8874075412750244,
        0.7092021107673645,
        0.6242673993110657,
        0.5367438197135925,
        0.4947739541530609,
        0.4639681279659271,
        0.4461020231246948,
        0.42491859197616577
    ],
    "val_accuracy_values": [
        0.47200000286102295,
        0.6990000009536743,
        0.7720000147819519,
        0.796999990940094,
        0.8090000152587891,
        0.8410000205039978,
        0.8500000238418579,
        0.8579999804496765,
        0.8640000224113464,
        0.8730000257492065
    ],
    "training_time_ms": 22350.20000000298,
    "inference_time_ms": 0.3999999910593033,
    "loss": 0.42491859197616577,
    "accuracy": 0.8730000257492065
}