{
    "loss_values": [
        1.2961418628692627,
        0.4711953103542328,
        0.37010523676872253,
        0.32592058181762695,
        0.2983952760696411,
        0.27674761414527893,
        0.25936347246170044,
        0.24315130710601807,
        0.22890406847000122,
        0.21487928926944733
    ],
    "accuracy_values": [
        0.6083666682243347,
        0.8690333366394043,
        0.8965666890144348,
        0.9094666838645935,
        0.9158000349998474,
        0.9224333167076111,
        0.9277333617210388,
        0.9314333200454712,
        0.9348000288009644,
        0.9383000135421753
    ],
    "val_loss_values": [
        0.6635518670082092,
        0.47510674595832825,
        0.4232622981071472,
        0.3888060748577118,
        0.356916606426239,
        0.33843812346458435,
        0.3251546025276184,
        0.307441383600235,
        0.2978512942790985,
        0.29596978425979614
    ],
    "val_accuracy_values": [
        0.8091999888420105,
        0.8619999885559082,
        0.8799999952316284,
        0.8873999714851379,
        0.8996000289916992,
        0.9016000032424927,
        0.9039999842643738,
        0.9115999937057495,
        0.9118000268936157,
        0.9138000011444092
    ],
    "training_time_ms": 106680.20000000298,
    "inference_time_ms": 0.5,
    "loss": 0.29596978425979614,
    "accuracy": 0.9138000011444092
}