{
    "loss_values": [
        13.514844185820321,
        8.060094715998545,
        5.448913924781677,
        4.209209412155211,
        3.4510417318234037,
        2.8990348290133054,
        2.4487235309293984,
        2.093544533708534,
        1.7774299749543407,
        1.5331045326145663
    ],
    "accuracy_values": [
        0.5114285714285715,
        0.7814285714285715,
        0.8557142857142858,
        0.8857142857142857,
        0.9228571428571428,
        0.9385714285714286,
        0.9542857142857143,
        0.97,
        0.9742857142857143,
        0.9814285714285714
    ],
    "val_loss_values": [
        10.993804373199396,
        7.656830973222792,
        6.358663076080568,
        5.578929183309206,
        5.050328539069336,
        4.720017686153069,
        4.450941194168136,
        4.281274602354692,
        4.122985767828938,
        4.002860325454787
    ],
    "val_accuracy_values": [
        0.6549445157938787,
        0.7474711034791267,
        0.772637411795264,
        0.8000404046234434,
        0.8190450078644713,
        0.8284246525923895,
        0.8363324146091574,
        0.8387711222384161,
        0.8405460396253914,
        0.8420034921138834
    ],
    "training_time_ms": 63665.5,
    "inference_time_ms": 5917.0999999940395,
    "loss": 4.002860325454787,
    "accuracy": 0.8420034921138834
}