{
    "loss_values": [
        16.614267108130512,
        15.837869847132863,
        14.882681303207207,
        13.938311480128435,
        12.994861487946693,
        11.853146700135268,
        10.694562855201957,
        9.613023211997783,
        8.566868569125225,
        7.673930924472305
    ],
    "accuracy_values": [
        0.05714285714285714,
        0.32857142857142857,
        0.44285714285714284,
        0.5142857142857142,
        0.5571428571428572,
        0.6857142857142857,
        0.7428571428571429,
        0.7571428571428571,
        0.8571428571428571,
        0.9
    ],
    "val_loss_values": [
        16.298931778040433,
        15.776602948217464,
        15.27074802552371,
        14.93571484620958,
        14.307682823122377,
        13.782626634976546,
        13.228899473033062,
        12.683465832407176,
        12.258570722119103,
        11.818706491812138
    ],
    "val_accuracy_values": [
        0.19383946574382588,
        0.23459508930486636,
        0.30506656751848304,
        0.3292768379356204,
        0.36426947332294185,
        0.40209355203134606,
        0.43579916772726623,
        0.47332294184101015,
        0.4957742853465658,
        0.507343162350384
    ],
    "training_time_ms": 61747.90000000596,
    "inference_time_ms": 6252.5,
    "loss": 11.818706491812138,
    "accuracy": 0.507343162350384
}