{
    "loss_values": [
        16.002627223488098,
        13.300052198870087,
        10.011534617957436,
        7.690772482614008,
        6.068654573852265,
        4.914027746312781,
        4.028784236393148,
        3.369271599409683,
        2.821643741671771,
        2.400007090613588
    ],
    "accuracy_values": [
        0.28,
        0.6342857142857142,
        0.7571428571428571,
        0.8142857142857143,
        0.8628571428571429,
        0.9,
        0.9314285714285714,
        0.9485714285714286,
        0.9628571428571429,
        0.9828571428571429
    ],
    "val_loss_values": [
        15.23286514952749,
        12.73495820138192,
        10.850711400170963,
        9.32052078916765,
        8.23289978291953,
        7.490943136836028,
        6.931416816515607,
        6.463894938545661,
        6.143024861938679,
        5.901679374697324
    ],
    "val_accuracy_values": [
        0.45177963789860587,
        0.6208560065471148,
        0.6400379043489497,
        0.6825223621301095,
        0.7208287269020374,
        0.7404987867736794,
        0.7542678286838289,
        0.7650791827592643,
        0.7708509813493374,
        0.7742250427141811
    ],
    "training_time_ms": 61802.59999999404,
    "inference_time_ms": 6178.9000000059605,
    "loss": 5.901679374697324,
    "accuracy": 0.7742250427141811
}