{
    "loss_values": [
        1.2205042839050293,
        0.446188360452652,
        0.35376062989234924,
        0.3104775547981262,
        0.28256216645240784,
        0.26148051023483276,
        0.24454562366008759,
        0.23033273220062256,
        0.21852362155914307,
        0.2081872671842575
    ],
    "accuracy_values": [
        0.6546666622161865,
        0.8769000172615051,
        0.8986999988555908,
        0.911899983882904,
        0.9204999804496765,
        0.9262666702270508,
        0.930233359336853,
        0.9347666501998901,
        0.9369000196456909,
        0.9404333233833313
    ],
    "val_loss_values": [
        0.6267468333244324,
        0.46553489565849304,
        0.4043487310409546,
        0.36933204531669617,
        0.34486883878707886,
        0.33032628893852234,
        0.3060879111289978,
        0.2925180196762085,
        0.2826171815395355,
        0.2793692946434021
    ],
    "val_accuracy_values": [
        0.8264000415802002,
        0.8648000359535217,
        0.8812000155448914,
        0.8924000263214111,
        0.8990000486373901,
        0.9028000235557556,
        0.909000039100647,
        0.915600061416626,
        0.915600061416626,
        0.917400062084198
    ],
    "training_time_ms": 23476.5,
    "inference_time_ms": 0.19999998807907104,
    "loss": 0.2793692946434021,
    "accuracy": 0.917400062084198
}