{
    "loss_values": [
        0.8375431895256042,
        0.3385249674320221,
        0.2887139320373535,
        0.25723549723625183,
        0.23223841190338135,
        0.2115677148103714,
        0.19428522884845734,
        0.18019239604473114,
        0.16853226721286774,
        0.15877309441566467
    ],
    "accuracy_values": [
        0.7732999920845032,
        0.9037333726882935,
        0.9171333312988281,
        0.9251833558082581,
        0.9337500333786011,
        0.9392333626747131,
        0.9440333247184753,
        0.9485499858856201,
        0.95128333568573,
        0.954466700553894
    ],
    "val_loss_values": [
        0.36991047859191895,
        0.2945312559604645,
        0.2631840407848358,
        0.2367466390132904,
        0.21543729305267334,
        0.20213517546653748,
        0.18311746418476105,
        0.1740514636039734,
        0.1679188311100006,
        0.1547001600265503
    ],
    "val_accuracy_values": [
        0.8939000368118286,
        0.9140000343322754,
        0.92330002784729,
        0.9327000379562378,
        0.9360000491142273,
        0.9422000646591187,
        0.947700023651123,
        0.9488000273704529,
        0.950700044631958,
        0.954300045967102
    ],
    "training_time_ms": 49434.40000000596,
    "inference_time_ms": 0.5999999940395355,
    "loss": 0.1547001600265503,
    "accuracy": 0.954300045967102
}