{
    "loss_values": [
        2.0929982662200928,
        1.5211687088012695,
        0.9589675068855286,
        0.6896041631698608,
        0.5579717755317688,
        0.48262789845466614,
        0.4310377836227417,
        0.3960632383823395,
        0.367453396320343,
        0.34748318791389465
    ],
    "accuracy_values": [
        0.27783334255218506,
        0.6303333044052124,
        0.7773333191871643,
        0.8211666345596313,
        0.8526666760444641,
        0.8683333396911621,
        0.8824999928474426,
        0.8916666507720947,
        0.8984999656677246,
        0.8995000123977661
    ],
    "val_loss_values": [
        1.9149441719055176,
        1.3052140474319458,
        0.8982974290847778,
        0.711323618888855,
        0.6083516478538513,
        0.5415147542953491,
        0.4984484910964966,
        0.463214248418808,
        0.43767234683036804,
        0.44387003779411316
    ],
    "val_accuracy_values": [
        0.43700000643730164,
        0.6720000505447388,
        0.7520000338554382,
        0.7890000343322754,
        0.8260000348091125,
        0.8420000672340393,
        0.8540000319480896,
        0.8650000691413879,
        0.8660000562667847,
        0.859000027179718
    ],
    "training_time_ms": 4986.100000008941,
    "inference_time_ms": 0.4000000059604645,
    "loss": 0.44387003779411316,
    "accuracy": 0.859000027179718
}