{
    "loss_values": [
        1.2012338638305664,
        0.42828887701034546,
        0.3447185456752777,
        0.30717000365257263,
        0.2823304831981659,
        0.2631886601448059,
        0.24676498770713806,
        0.23207902908325195,
        0.21977896988391876,
        0.20757517218589783
    ],
    "accuracy_values": [
        0.6629666686058044,
        0.8809999823570251,
        0.9024333357810974,
        0.9122000336647034,
        0.9182000160217285,
        0.925166666507721,
        0.930066704750061,
        0.9327333569526672,
        0.9367333650588989,
        0.9398333430290222
    ],
    "val_loss_values": [
        0.6092613339424133,
        0.4490100145339966,
        0.3984314203262329,
        0.3648011386394501,
        0.34811726212501526,
        0.3201276659965515,
        0.30762332677841187,
        0.30556315183639526,
        0.2900972068309784,
        0.2731439769268036
    ],
    "val_accuracy_values": [
        0.8271999955177307,
        0.8704000115394592,
        0.8844000101089478,
        0.890999972820282,
        0.899399995803833,
        0.907800018787384,
        0.9121999740600586,
        0.9136000275611877,
        0.9139999747276306,
        0.9204000234603882
    ],
    "training_time_ms": 57191.5,
    "inference_time_ms": 0.5,
    "loss": 0.2731439769268036,
    "accuracy": 0.9204000234603882
}