{
    "loss_values": [
        2.0511245727539062,
        1.3187228441238403,
        0.820065438747406,
        0.6051199436187744,
        0.5021669268608093,
        0.4404643177986145,
        0.40095654129981995,
        0.37250956892967224,
        0.34955644607543945,
        0.33048680424690247
    ],
    "accuracy_values": [
        0.38633331656455994,
        0.7116666436195374,
        0.8133333325386047,
        0.8508332967758179,
        0.8723333477973938,
        0.8824999928474426,
        0.89083331823349,
        0.8973333239555359,
        0.9046666622161865,
        0.909500002861023
    ],
    "val_loss_values": [
        1.765872836112976,
        1.1007609367370605,
        0.7852803468704224,
        0.6431940197944641,
        0.5507063865661621,
        0.5203782320022583,
        0.4729154706001282,
        0.44511908292770386,
        0.4274827539920807,
        0.4190869927406311
    ],
    "val_accuracy_values": [
        0.5870000123977661,
        0.7480000257492065,
        0.7979999780654907,
        0.8259999752044678,
        0.847000002861023,
        0.8539999723434448,
        0.8669999837875366,
        0.8759999871253967,
        0.8809999823570251,
        0.8840000033378601
    ],
    "training_time_ms": 11623.699999988079,
    "inference_time_ms": 0.5,
    "loss": 0.4190869927406311,
    "accuracy": 0.8840000033378601
}