{
    "loss_values": [
        0.812332272529602,
        0.34566730260849,
        0.2915847897529602,
        0.25829753279685974,
        0.2332392930984497,
        0.21268528699874878,
        0.1960517168045044,
        0.18264228105545044,
        0.17121508717536926,
        0.1618616133928299
    ],
    "accuracy_values": [
        0.7804333567619324,
        0.8993333578109741,
        0.9155833721160889,
        0.9248166680335999,
        0.9321333169937134,
        0.9387000203132629,
        0.9432166814804077,
        0.94718337059021,
        0.9505333304405212,
        0.9519500136375427
    ],
    "val_loss_values": [
        0.37678101658821106,
        0.30017325282096863,
        0.26643437147140503,
        0.2397424578666687,
        0.22285553812980652,
        0.20255164802074432,
        0.19151093065738678,
        0.17812034487724304,
        0.17243611812591553,
        0.16695578396320343
    ],
    "val_accuracy_values": [
        0.8884999752044678,
        0.9146999716758728,
        0.9218999743461609,
        0.9323999881744385,
        0.9348999857902527,
        0.941100001335144,
        0.9440000057220459,
        0.9484999775886536,
        0.9495000243186951,
        0.9496999979019165
    ],
    "training_time_ms": 114568.79999999702,
    "inference_time_ms": 0.6000000089406967,
    "loss": 0.16695578396320343,
    "accuracy": 0.9496999979019165
}