{
    "loss_values": [
        15.796127799741264,
        12.662441624499282,
        9.194656103979082,
        6.833590941433821,
        5.29400759995648,
        4.215348688132215,
        3.4991474888223637,
        2.9262468126728622,
        2.4686606581752892,
        2.1034376447566174
    ],
    "accuracy_values": [
        0.27714285714285714,
        0.6028571428571429,
        0.7771428571428571,
        0.8342857142857143,
        0.8857142857142857,
        0.9228571428571428,
        0.9428571428571428,
        0.9628571428571429,
        0.9771428571428571,
        0.9828571428571429
    ],
    "val_loss_values": [
        14.802050114989923,
        11.924408477157415,
        9.656650429785024,
        8.261806740025795,
        7.42580933789705,
        6.8803905225497175,
        6.437139435930966,
        6.13976267947908,
        5.941062875731195,
        5.778364270370301
    ],
    "val_accuracy_values": [
        0.40409768984479316,
        0.6231245244009246,
        0.6954012261482577,
        0.7335496561328949,
        0.7509368404427917,
        0.7594940343723527,
        0.7691854872288187,
        0.7728323450444371,
        0.7732630762825022,
        0.7746414162443107
    ],
    "training_time_ms": 63128.70000000298,
    "inference_time_ms": 6332.5,
    "loss": 5.778364270370301,
    "accuracy": 0.7746414162443107
}