{
    "loss_values": [
        13.164931842384773,
        7.3241958192258085,
        4.963405224424282,
        3.7645896064454885,
        3.031644701200884,
        2.521394851708827,
        2.1349451213063904,
        1.833054668895056,
        1.5877956444558055,
        1.3726636077200074
    ],
    "accuracy_values": [
        0.5085714285714286,
        0.8,
        0.8757142857142857,
        0.9114285714285715,
        0.9371428571428572,
        0.9514285714285714,
        0.9642857142857143,
        0.9728571428571429,
        0.9785714285714285,
        0.9842857142857143
    ],
    "val_loss_values": [
        9.950583795879012,
        7.24557279753072,
        5.946279660515489,
        5.17217490550176,
        4.677128229999176,
        4.321881602454933,
        4.0994595008748025,
        3.956437813476672,
        3.83110415376661,
        3.7448075881274336
    ],
    "val_accuracy_values": [
        0.67374709591769,
        0.7491738697528103,
        0.7960432329470843,
        0.8218589012828468,
        0.835668624366874,
        0.8448895366455504,
        0.8485548132007676,
        0.8494350567829262,
        0.8503874514783764,
        0.850502893259643
    ],
    "training_time_ms": 63458.70000000298,
    "inference_time_ms": 6185.9000000059605,
    "loss": 3.7448075881274336,
    "accuracy": 0.850502893259643
}