{
    "loss_values": [
        16.33104939025882,
        15.459752732313225,
        14.912101995097155,
        13.897729702442996,
        13.121233142463154,
        12.244813180840833,
        11.337122618869989,
        10.614390672825571,
        9.737581188451678,
        8.815070054110977
    ],
    "accuracy_values": [
        0.1,
        0.2571428571428571,
        0.2571428571428571,
        0.2857142857142857,
        0.38571428571428573,
        0.4857142857142857,
        0.5714285714285714,
        0.7142857142857143,
        0.8285714285714286,
        0.9
    ],
    "val_loss_values": [
        15.769784623059426,
        15.338956507960516,
        14.995938156721762,
        14.615268978637262,
        14.14137107888219,
        13.685687211435607,
        13.305795937317587,
        12.936595863381154,
        12.551275995054194,
        12.079366748494605
    ],
    "val_accuracy_values": [
        0.17872413447925753,
        0.19591299746886126,
        0.22830299303579346,
        0.259348768036151,
        0.3193238856554505,
        0.3663001043915972,
        0.41000157302406726,
        0.44539461453760243,
        0.4782565173247151,
        0.5126485435227159
    ],
    "training_time_ms": 61760.60000000894,
    "inference_time_ms": 6519.29999999702,
    "loss": 12.079366748494605,
    "accuracy": 0.5126485435227159
}