{
    "loss_values": [
        2.0785582065582275,
        1.4655898809432983,
        0.9372906684875488,
        0.6906781196594238,
        0.5659564733505249,
        0.4886234998703003,
        0.4368979036808014,
        0.4000098407268524,
        0.3730407655239105,
        0.3512761890888214
    ],
    "accuracy_values": [
        0.2993333339691162,
        0.6050000190734863,
        0.765999972820282,
        0.8233333230018616,
        0.8550000190734863,
        0.872166633605957,
        0.8834999799728394,
        0.8939999938011169,
        0.9003333449363708,
        0.9039999842643738
    ],
    "val_loss_values": [
        1.8563737869262695,
        1.2415025234222412,
        0.8882274031639099,
        0.7213360667228699,
        0.6158830523490906,
        0.5583950877189636,
        0.5070812702178955,
        0.4750179350376129,
        0.45281901955604553,
        0.4377349615097046
    ],
    "val_accuracy_values": [
        0.453000009059906,
        0.6869999766349792,
        0.7730000019073486,
        0.8009999990463257,
        0.8289999961853027,
        0.8379999995231628,
        0.8560000061988831,
        0.8619999885559082,
        0.8709999918937683,
        0.8759999871253967
    ],
    "training_time_ms": 21995.5,
    "inference_time_ms": 0.19999998807907104,
    "loss": 0.4377349615097046,
    "accuracy": 0.8759999871253967
}