{
    "loss_values": [
        0.8871310353279114,
        0.3534889817237854,
        0.2946225702762604,
        0.2599089741706848,
        0.2335871160030365,
        0.2132391631603241,
        0.19701610505580902,
        0.18388794362545013,
        0.1723105013370514,
        0.1630370318889618
    ],
    "accuracy_values": [
        0.7317833304405212,
        0.8983666896820068,
        0.9152500033378601,
        0.9251833558082581,
        0.9321833252906799,
        0.9392833709716797,
        0.9442999958992004,
        0.9479666948318481,
        0.9514666795730591,
        0.9533500075340271
    ],
    "val_loss_values": [
        0.3815682828426361,
        0.30388981103897095,
        0.26146140694618225,
        0.2338467538356781,
        0.21917812526226044,
        0.2054978311061859,
        0.18827906250953674,
        0.18238183856010437,
        0.16537387669086456,
        0.16491857171058655
    ],
    "val_accuracy_values": [
        0.8901000022888184,
        0.911300003528595,
        0.9248999953269958,
        0.9300000071525574,
        0.9381999969482422,
        0.940500020980835,
        0.9452000260353088,
        0.9473999738693237,
        0.9514999985694885,
        0.9526000022888184
    ],
    "training_time_ms": 214483.29999999702,
    "inference_time_ms": 0.29999999701976776,
    "loss": 0.16491857171058655,
    "accuracy": 0.9526000022888184
}