{
    "loss_values": [
        1.1998974084854126,
        0.4567529559135437,
        0.3676547110080719,
        0.3260916769504547,
        0.29765546321868896,
        0.27441108226776123,
        0.2549136281013489,
        0.23858432471752167,
        0.22383734583854675,
        0.21233732998371124
    ],
    "accuracy_values": [
        0.6612333655357361,
        0.8759999871253967,
        0.8980666995048523,
        0.9092000126838684,
        0.9169000387191772,
        0.9222333431243896,
        0.9272000193595886,
        0.9324333667755127,
        0.9346333146095276,
        0.9384999871253967
    ],
    "val_loss_values": [
        0.6531084179878235,
        0.4903501868247986,
        0.41901668906211853,
        0.3929142355918884,
        0.36144131422042847,
        0.33791297674179077,
        0.30986154079437256,
        0.2936767637729645,
        0.2803017199039459,
        0.2713841199874878
    ],
    "val_accuracy_values": [
        0.819599986076355,
        0.8596000075340271,
        0.8776000142097473,
        0.8844000101089478,
        0.8934000134468079,
        0.8962000012397766,
        0.9057999849319458,
        0.9118000268936157,
        0.9151999950408936,
        0.9175999760627747
    ],
    "training_time_ms": 105996.39999999106,
    "inference_time_ms": 0.6000000089406967,
    "loss": 0.2713841199874878,
    "accuracy": 0.9175999760627747
}