{
    "loss_values": [
        1.2196406126022339,
        0.4339693784713745,
        0.3491581082344055,
        0.31273165345191956,
        0.28886985778808594,
        0.2699609100818634,
        0.2538362741470337,
        0.23842710256576538,
        0.22564028203487396,
        0.21338140964508057
    ],
    "accuracy_values": [
        0.6486666798591614,
        0.879633367061615,
        0.9012333154678345,
        0.9100000262260437,
        0.9180999994277954,
        0.9240000247955322,
        0.927566647529602,
        0.9317666888237,
        0.9350000023841858,
        0.9396333694458008
    ],
    "val_loss_values": [
        0.6148802042007446,
        0.4685254991054535,
        0.3958849310874939,
        0.373007208108902,
        0.34912508726119995,
        0.33381858468055725,
        0.31410399079322815,
        0.30442777276039124,
        0.2993607521057129,
        0.28416329622268677
    ],
    "val_accuracy_values": [
        0.8356000185012817,
        0.8641999959945679,
        0.8863999843597412,
        0.8912000060081482,
        0.9025999903678894,
        0.9010000228881836,
        0.9103999733924866,
        0.9118000268936157,
        0.9120000004768372,
        0.9165999889373779
    ],
    "training_time_ms": 108912.70000000298,
    "inference_time_ms": 0.29999999701976776,
    "loss": 0.28416329622268677,
    "accuracy": 0.9165999889373779
}