{
    "loss_values": [
        0.8280352354049683,
        0.33316570520401,
        0.28332647681236267,
        0.2534240186214447,
        0.23033398389816284,
        0.21133077144622803,
        0.19598396122455597,
        0.1837288737297058,
        0.17253457009792328,
        0.16201156377792358
    ],
    "accuracy_values": [
        0.7753000259399414,
        0.9050999879837036,
        0.9187333583831787,
        0.9279000163078308,
        0.9350666999816895,
        0.9399166703224182,
        0.9434999823570251,
        0.9481000304222107,
        0.9506166577339172,
        0.95333331823349
    ],
    "val_loss_values": [
        0.35340672731399536,
        0.29079869389533997,
        0.2628401219844818,
        0.22718454897403717,
        0.21149660646915436,
        0.1983509361743927,
        0.19125355780124664,
        0.17600925266742706,
        0.1672501116991043,
        0.1574251353740692
    ],
    "val_accuracy_values": [
        0.8995000123977661,
        0.9164999723434448,
        0.9222000241279602,
        0.9340000152587891,
        0.9387000203132629,
        0.9420999884605408,
        0.9430999755859375,
        0.9491999745368958,
        0.954200029373169,
        0.9550999999046326
    ],
    "training_time_ms": 217545.20000000298,
    "inference_time_ms": 0.10000000894069672,
    "loss": 0.1574251353740692,
    "accuracy": 0.9550999999046326
}