{
    "loss_values": [
        2.116191864013672,
        1.5404999256134033,
        0.9741777181625366,
        0.6915348172187805,
        0.5551990866661072,
        0.4775685966014862,
        0.42844802141189575,
        0.39422911405563354,
        0.36887019872665405,
        0.3489111661911011
    ],
    "accuracy_values": [
        0.30383333563804626,
        0.6511666774749756,
        0.7699999809265137,
        0.8278332948684692,
        0.8583333492279053,
        0.8726666569709778,
        0.8828333020210266,
        0.8946666717529297,
        0.8983333110809326,
        0.9036666750907898
    ],
    "val_loss_values": [
        1.9243614673614502,
        1.3071788549423218,
        0.9049215316772461,
        0.7138057351112366,
        0.6137765049934387,
        0.5553246140480042,
        0.5086860656738281,
        0.4889557957649231,
        0.45239391922950745,
        0.43485012650489807
    ],
    "val_accuracy_values": [
        0.5299999713897705,
        0.6890000104904175,
        0.7559999823570251,
        0.8080000281333923,
        0.8330000042915344,
        0.8420000076293945,
        0.8479999899864197,
        0.8519999980926514,
        0.871999979019165,
        0.8740000128746033
    ],
    "training_time_ms": 21766.40000000596,
    "inference_time_ms": 0.3999999910593033,
    "loss": 0.43485012650489807,
    "accuracy": 0.8740000128746033
}