{
    "loss_values": [
        0.8071427941322327,
        0.3531011939048767,
        0.3067241907119751,
        0.27923786640167236,
        0.2564101815223694,
        0.2351079285144806,
        0.21641671657562256,
        0.20098845660686493,
        0.18781208992004395,
        0.1770469695329666
    ],
    "accuracy_values": [
        0.7741333246231079,
        0.8991833329200745,
        0.9114166498184204,
        0.9192333221435547,
        0.9258500337600708,
        0.9318667054176331,
        0.9381833672523499,
        0.9419500231742859,
        0.9463500380516052,
        0.9493833184242249
    ],
    "val_loss_values": [
        0.3764672577381134,
        0.31048595905303955,
        0.27945512533187866,
        0.2640629708766937,
        0.23932088911533356,
        0.2228764295578003,
        0.21810530126094818,
        0.19386212527751923,
        0.18527638912200928,
        0.18327799439430237
    ],
    "val_accuracy_values": [
        0.8946000337600708,
        0.9094000458717346,
        0.9203000664710999,
        0.9234000444412231,
        0.9304000735282898,
        0.9356000423431396,
        0.9344000220298767,
        0.9449000358581543,
        0.9470000267028809,
        0.9460000395774841
    ],
    "training_time_ms": 45336.20000000298,
    "inference_time_ms": 81.3999999910593,
    "loss": 0.18327799439430237,
    "accuracy": 0.9460000395774841
}