{
    "loss_values": [
        2.0977914333343506,
        1.4722603559494019,
        0.9498978853225708,
        0.6900960206985474,
        0.5579400658607483,
        0.4813801348209381,
        0.4314967095851898,
        0.396280437707901,
        0.3710542619228363,
        0.35119354724884033
    ],
    "accuracy_values": [
        0.31583333015441895,
        0.6358333230018616,
        0.7593333125114441,
        0.8240000009536743,
        0.8506666421890259,
        0.8686666488647461,
        0.8851666450500488,
        0.8958333134651184,
        0.8983333110809326,
        0.9026666283607483
    ],
    "val_loss_values": [
        1.86751389503479,
        1.247524380683899,
        0.8944830894470215,
        0.7124799489974976,
        0.6112762689590454,
        0.5493756532669067,
        0.5118365287780762,
        0.47647321224212646,
        0.45834454894065857,
        0.4282805025577545
    ],
    "val_accuracy_values": [
        0.5049999952316284,
        0.6970000267028809,
        0.7620000243186951,
        0.8070000410079956,
        0.8280000686645508,
        0.8390000462532043,
        0.8570000529289246,
        0.8640000224113464,
        0.8730000257492065,
        0.8740000128746033
    ],
    "training_time_ms": 4867.5,
    "inference_time_ms": 0.29999999701976776,
    "loss": 0.4282805025577545,
    "accuracy": 0.8740000128746033
}