{
    "loss_values": [
        1.0863066911697388,
        0.41569820046424866,
        0.34393060207366943,
        0.3073933720588684,
        0.28260624408721924,
        0.2629392445087433,
        0.24682769179344177,
        0.23209959268569946,
        0.21931755542755127,
        0.20845761895179749
    ],
    "accuracy_values": [
        0.7163000106811523,
        0.8857666850090027,
        0.9028666615486145,
        0.9129000306129456,
        0.9199333190917969,
        0.9261000156402588,
        0.9301666617393494,
        0.9344000220298767,
        0.9370333552360535,
        0.9393333196640015
    ],
    "val_loss_values": [
        0.5702506303787231,
        0.43796291947364807,
        0.395979106426239,
        0.3741549849510193,
        0.34558606147766113,
        0.3206389844417572,
        0.30968475341796875,
        0.31777095794677734,
        0.28939637541770935,
        0.2781887948513031
    ],
    "val_accuracy_values": [
        0.8348000645637512,
        0.8682000637054443,
        0.8860000371932983,
        0.8908000588417053,
        0.9008000493049622,
        0.9074000716209412,
        0.9092000722885132,
        0.9010000228881836,
        0.915600061416626,
        0.9148000478744507
    ],
    "training_time_ms": 23590.09999999404,
    "inference_time_ms": 0.29999999701976776,
    "loss": 0.2781887948513031,
    "accuracy": 0.9148000478744507
}