{
    "loss_values": [
        0.8196335434913635,
        0.34592393040657043,
        0.28881433606147766,
        0.25720450282096863,
        0.23374579846858978,
        0.215607687830925,
        0.1995396614074707,
        0.1865631490945816,
        0.17504529654979706,
        0.16504310071468353
    ],
    "accuracy_values": [
        0.7716833353042603,
        0.9025166630744934,
        0.9173166751861572,
        0.9259166717529297,
        0.9328666925430298,
        0.9372666478157043,
        0.9420833587646484,
        0.9456833600997925,
        0.9487666487693787,
        0.9517000317573547
    ],
    "val_loss_values": [
        0.3703301250934601,
        0.2945283055305481,
        0.25802376866340637,
        0.2355065494775772,
        0.2175637036561966,
        0.205269917845726,
        0.19219931960105896,
        0.18237558007240295,
        0.17509569227695465,
        0.17087462544441223
    ],
    "val_accuracy_values": [
        0.8988000154495239,
        0.9146999716758728,
        0.9272000193595886,
        0.9302999973297119,
        0.9359999895095825,
        0.9380999803543091,
        0.9424999952316284,
        0.9466000199317932,
        0.9483000040054321,
        0.9495000243186951
    ],
    "training_time_ms": 220498,
    "inference_time_ms": 0.20000000298023224,
    "loss": 0.17087462544441223,
    "accuracy": 0.9495000243186951
}