{
    "loss_values": [
        2.0915119647979736,
        1.3903141021728516,
        0.859557032585144,
        0.6357375383377075,
        0.5263264775276184,
        0.4597913324832916,
        0.4163261651992798,
        0.3833451569080353,
        0.3579252362251282,
        0.33755412697792053
    ],
    "accuracy_values": [
        0.3023333251476288,
        0.6990000009536743,
        0.7975000143051147,
        0.8374999761581421,
        0.8634999990463257,
        0.8786666393280029,
        0.8868333101272583,
        0.8939999938011169,
        0.9006666541099548,
        0.9110000133514404
    ],
    "val_loss_values": [
        1.8451011180877686,
        1.165338397026062,
        0.8248220682144165,
        0.6701123118400574,
        0.5836247801780701,
        0.5350632071495056,
        0.4987342059612274,
        0.4666481614112854,
        0.44601312279701233,
        0.4348572790622711
    ],
    "val_accuracy_values": [
        0.49399998784065247,
        0.7139999866485596,
        0.7720000147819519,
        0.8090000152587891,
        0.8330000042915344,
        0.8389999866485596,
        0.8560000061988831,
        0.8669999837875366,
        0.878000020980835,
        0.875
    ],
    "training_time_ms": 17737.5,
    "inference_time_ms": 0.09999999403953552,
    "loss": 0.4348572790622711,
    "accuracy": 0.875
}