{
    "loss_values": [
        1.1760530471801758,
        0.4516874849796295,
        0.35976824164390564,
        0.3173621892929077,
        0.28926578164100647,
        0.26809459924697876,
        0.2503073513507843,
        0.23465171456336975,
        0.2205515056848526,
        0.20855045318603516
    ],
    "accuracy_values": [
        0.6784999966621399,
        0.8732666969299316,
        0.8983666896820068,
        0.9097999930381775,
        0.9180333614349365,
        0.9236666560173035,
        0.9294666647911072,
        0.9327999949455261,
        0.9372666478157043,
        0.9408666491508484
    ],
    "val_loss_values": [
        0.6498841047286987,
        0.4698444902896881,
        0.4079299867153168,
        0.3736933171749115,
        0.3520098626613617,
        0.3366267681121826,
        0.31317073106765747,
        0.29917651414871216,
        0.27910494804382324,
        0.2858662009239197
    ],
    "val_accuracy_values": [
        0.817799985408783,
        0.8592000007629395,
        0.8805999755859375,
        0.8906000256538391,
        0.899399995803833,
        0.901199996471405,
        0.9079999923706055,
        0.9142000079154968,
        0.9186000227928162,
        0.9154000282287598
    ],
    "training_time_ms": 108091.19999998808,
    "inference_time_ms": 0.4000000059604645,
    "loss": 0.2858662009239197,
    "accuracy": 0.9154000282287598
}