{"loss_values": [1.0636566877365112, 0.42601847648620605, 0.3489739000797272, 0.31177207827568054, 0.28674787282943726, 0.2674918472766876, 0.251982182264328, 0.23797601461410522, 0.22586502134799957, 0.21440644562244415], "accuracy_values": [0.7034333348274231, 0.8813999891281128, 0.9014999866485596, 0.9107000231742859, 0.9180333614349365, 0.9231666922569275, 0.9282333254814148, 0.9317666888237, 0.935699999332428, 0.9385333061218262], "val_loss_values": [0.5928966403007507, 0.4579174816608429, 0.3974049389362335, 0.37053751945495605, 0.3479582667350769, 0.33175626397132874, 0.31650641560554504, 0.3049185574054718, 0.2928990125656128, 0.2827926278114319], "val_accuracy_values": [0.8321999907493591, 0.8637999892234802, 0.8845999836921692, 0.8899999856948853, 0.8971999883651733, 0.9039999842643738, 0.9075999855995178, 0.9085999727249146, 0.9157999753952026, 0.9151999950408936], "training_time_ms": 26023.071586998412, "inference_time_ms": 257.9951750012697, "loss": 0.2827926278114319, "accuracy": 0.9151999950408936}