{
    "loss_values": [
        1.2462204694747925,
        0.4558615982532501,
        0.36705026030540466,
        0.32720300555229187,
        0.3002292811870575,
        0.2789779007434845,
        0.26024606823921204,
        0.24434642493724823,
        0.2300160527229309,
        0.21643635630607605
    ],
    "accuracy_values": [
        0.6454333662986755,
        0.8753333687782288,
        0.8961666822433472,
        0.9069666862487793,
        0.9150333404541016,
        0.9206666946411133,
        0.9269000291824341,
        0.9311000108718872,
        0.9351333379745483,
        0.9379000067710876
    ],
    "val_loss_values": [
        0.6346728801727295,
        0.4768305718898773,
        0.42338916659355164,
        0.38870474696159363,
        0.36134740710258484,
        0.34008580446243286,
        0.341442346572876,
        0.311996728181839,
        0.2941312789916992,
        0.27896347641944885
    ],
    "val_accuracy_values": [
        0.8266000151634216,
        0.8610000014305115,
        0.8776000142097473,
        0.8881999850273132,
        0.8949999809265137,
        0.9016000032424927,
        0.902400016784668,
        0.9065999984741211,
        0.9142000079154968,
        0.9190000295639038
    ],
    "training_time_ms": 56857.20000000298,
    "inference_time_ms": 0.6000000089406967,
    "loss": 0.27896347641944885,
    "accuracy": 0.9190000295639038
}