{
    "loss_values": [
        0.8427066206932068,
        0.3439590632915497,
        0.29328033328056335,
        0.26338857412338257,
        0.2397892326116562,
        0.22142578661441803,
        0.20574282109737396,
        0.1928819864988327,
        0.18112225830554962,
        0.1709657609462738
    ],
    "accuracy_values": [
        0.765333354473114,
        0.9016333222389221,
        0.9163333177566528,
        0.9240666627883911,
        0.9313333630561829,
        0.9362666606903076,
        0.9406166672706604,
        0.9437500238418579,
        0.9480000138282776,
        0.9510499835014343
    ],
    "val_loss_values": [
        0.37453341484069824,
        0.301654189825058,
        0.26396164298057556,
        0.2486911565065384,
        0.23403200507164001,
        0.20707011222839355,
        0.1962442547082901,
        0.18290045857429504,
        0.17432165145874023,
        0.165334552526474
    ],
    "val_accuracy_values": [
        0.8949999809265137,
        0.9089999794960022,
        0.9222000241279602,
        0.9264000058174133,
        0.9282000064849854,
        0.9388999938964844,
        0.9408000111579895,
        0.9467999935150146,
        0.9484000205993652,
        0.9506999850273132
    ],
    "training_time_ms": 114188.79999999702,
    "inference_time_ms": 0.5999999940395355,
    "loss": 0.165334552526474,
    "accuracy": 0.9506999850273132
}