{
    "loss_values": [
        2.1027629375457764,
        1.4113352298736572,
        0.8371143341064453,
        0.5984346866607666,
        0.49092423915863037,
        0.43039441108703613,
        0.3893105387687683,
        0.3613151013851166,
        0.3387727439403534,
        0.32233116030693054
    ],
    "accuracy_values": [
        0.3675000071525574,
        0.7183333039283752,
        0.8146666288375854,
        0.8493333458900452,
        0.8698333501815796,
        0.8855000138282776,
        0.8983333110809326,
        0.9026666283607483,
        0.9071666598320007,
        0.9096666574478149
    ],
    "val_loss_values": [
        1.860403299331665,
        1.1787186861038208,
        0.7911720871925354,
        0.6356831789016724,
        0.5547006130218506,
        0.5017907023429871,
        0.46892595291137695,
        0.44060051441192627,
        0.4257952570915222,
        0.41806507110595703
    ],
    "val_accuracy_values": [
        0.5509999990463257,
        0.746999979019165,
        0.8059999942779541,
        0.8410000205039978,
        0.8489999771118164,
        0.8569999933242798,
        0.8659999966621399,
        0.8700000047683716,
        0.8669999837875366,
        0.8769999742507935
    ],
    "training_time_ms": 11703.79999999702,
    "inference_time_ms": 0.5,
    "loss": 0.41806507110595703,
    "accuracy": 0.8769999742507935
}