{
    "loss_values": [
        14.7213035816232,
        9.63066212645839,
        6.3974284903091005,
        4.712851737908582,
        3.6994498344736297,
        3.0428588295306476,
        2.5678184093432854,
        2.2040033074256633,
        1.9000646240631556,
        1.6406179235154177
    ],
    "accuracy_values": [
        0.40714285714285714,
        0.7314285714285714,
        0.8442857142857143,
        0.8871428571428571,
        0.9085714285714286,
        0.9342857142857143,
        0.9471428571428572,
        0.9585714285714285,
        0.9671428571428572,
        0.9728571428571429
    ],
    "val_loss_values": [
        12.383831216944149,
        8.974845081265824,
        7.221295003071018,
        6.107718396023976,
        5.377744208285394,
        4.904388257142348,
        4.582028302238291,
        4.344994868994208,
        4.16567211820692,
        4.043930136389668
    ],
    "val_accuracy_values": [
        0.564366008167506,
        0.6861859478491753,
        0.7352198444421998,
        0.7697225068182802,
        0.799419905049135,
        0.8152642895279875,
        0.8267940374319975,
        0.8336339629720486,
        0.8374579719765076,
        0.8384680875625911
    ],
    "training_time_ms": 62418.39999999106,
    "inference_time_ms": 5917.29999999702,
    "loss": 4.043930136389668,
    "accuracy": 0.8384680875625911
}