{
    "loss_values": [
        15.58883003364767,
        12.713995742002142,
        9.66022448105093,
        7.3707497637893,
        5.839332283388751,
        4.779366647291672,
        3.986627193040418,
        3.36561906993633,
        2.83340439389929,
        2.4191577777292723
    ],
    "accuracy_values": [
        0.30857142857142855,
        0.5971428571428572,
        0.7428571428571429,
        0.8228571428571428,
        0.8714285714285714,
        0.8885714285714286,
        0.9257142857142857,
        0.9428571428571428,
        0.96,
        0.9742857142857143
    ],
    "val_loss_values": [
        14.588296313906987,
        12.01230067529298,
        10.138177239648709,
        8.980228182621675,
        8.160594072429621,
        7.559933523445,
        7.035428586364842,
        6.596244038997938,
        6.256712431393748,
        5.979311426057291
    ],
    "val_accuracy_values": [
        0.37409008025958734,
        0.576835274016856,
        0.6681502964866689,
        0.6879208603138595,
        0.7048342402618846,
        0.7196226794354549,
        0.7368950020818676,
        0.7505635400364685,
        0.7597668308231273,
        0.7667446768797829
    ],
    "training_time_ms": 62126.29999999702,
    "inference_time_ms": 6079.300000011921,
    "loss": 5.979311426057291,
    "accuracy": 0.7667446768797829
}