{
    "loss_values": [
        16.430224485086434,
        15.753990318361126,
        14.59642702617349,
        13.23419601134855,
        12.014085541710843,
        10.867825282397261,
        9.550000152710748,
        8.414489926103498,
        7.3602638522354615,
        6.5512338393861
    ],
    "accuracy_values": [
        0.22857142857142856,
        0.38571428571428573,
        0.42857142857142855,
        0.5,
        0.6142857142857143,
        0.6857142857142857,
        0.7428571428571429,
        0.8571428571428571,
        0.8857142857142857,
        0.9142857142857143
    ],
    "val_loss_values": [
        16.20152433028173,
        15.56663857381739,
        14.845157130492348,
        14.16455841677983,
        13.544541811265143,
        12.924881009831987,
        12.448112480072908,
        11.911190846941897,
        11.521949142773412,
        11.143473628698816
    ],
    "val_accuracy_values": [
        0.25558781049350054,
        0.25690343062248855,
        0.24939581575598108,
        0.33937279240372376,
        0.3759384518583134,
        0.4348553532869053,
        0.4686181698579988,
        0.5058988402522558,
        0.5264053540019162,
        0.5432939123968596
    ],
    "training_time_ms": 62114.29999999702,
    "inference_time_ms": 6185.300000011921,
    "loss": 11.143473628698816,
    "accuracy": 0.5432939123968596
}