{
    "loss_values": [
        2.157017230987549,
        1.6212595701217651,
        1.0196341276168823,
        0.6971909999847412,
        0.5543795824050903,
        0.47936519980430603,
        0.4297959804534912,
        0.39642614126205444,
        0.3700675070285797,
        0.3492538332939148
    ],
    "accuracy_values": [
        0.3148333430290222,
        0.6428333520889282,
        0.7796666622161865,
        0.8266666531562805,
        0.8519999980926514,
        0.8669999837875366,
        0.8821666836738586,
        0.8921666741371155,
        0.8989999890327454,
        0.906166672706604
    ],
    "val_loss_values": [
        2.0020391941070557,
        1.4071043729782104,
        0.9217893481254578,
        0.7095126509666443,
        0.6090644001960754,
        0.5442476868629456,
        0.5029957890510559,
        0.46979570388793945,
        0.4473785161972046,
        0.43350717425346375
    ],
    "val_accuracy_values": [
        0.3840000033378601,
        0.6730000376701355,
        0.753000020980835,
        0.796000063419342,
        0.815000057220459,
        0.8380000591278076,
        0.8470000624656677,
        0.8610000610351562,
        0.8640000224113464,
        0.8740000128746033
    ],
    "training_time_ms": 5850.0999999940395,
    "inference_time_ms": 0.9000000059604645,
    "loss": 0.43350717425346375,
    "accuracy": 0.8740000128746033
}