{
    "loss_values": [
        1.1600195169448853,
        0.4435843527317047,
        0.360954612493515,
        0.32268521189689636,
        0.29705721139907837,
        0.2767205834388733,
        0.25936359167099,
        0.24461765587329865,
        0.23147478699684143,
        0.22031056880950928
    ],
    "accuracy_values": [
        0.6947000026702881,
        0.8806333541870117,
        0.8991667032241821,
        0.9093666672706604,
        0.9168000221252441,
        0.921999990940094,
        0.9266666769981384,
        0.9301666617393494,
        0.9341333508491516,
        0.9365000128746033
    ],
    "val_loss_values": [
        0.6259490251541138,
        0.48120343685150146,
        0.41642576456069946,
        0.3816741704940796,
        0.355646014213562,
        0.3461352586746216,
        0.3216216564178467,
        0.30884164571762085,
        0.3036941885948181,
        0.29255273938179016
    ],
    "val_accuracy_values": [
        0.8180000185966492,
        0.8618000149726868,
        0.8804000616073608,
        0.8914000391960144,
        0.8988000154495239,
        0.9002000689506531,
        0.9082000255584717,
        0.9112000465393066,
        0.9064000248908997,
        0.9160000681877136
    ],
    "training_time_ms": 23942,
    "inference_time_ms": 0.29999999701976776,
    "loss": 0.29255273938179016,
    "accuracy": 0.9160000681877136
}