{
    "loss_values": [
        2.151339054107666,
        1.6311753988265991,
        1.0645174980163574,
        0.7527478933334351,
        0.5917028188705444,
        0.5029529333114624,
        0.4474829435348511,
        0.4106554388999939,
        0.38390204310417175,
        0.3612132966518402
    ],
    "accuracy_values": [
        0.2928333282470703,
        0.6013333201408386,
        0.7541666626930237,
        0.8163333535194397,
        0.8533333539962769,
        0.8698333501815796,
        0.8801666498184204,
        0.8901666402816772,
        0.8948333263397217,
        0.9026666283607483
    ],
    "val_loss_values": [
        1.9571460485458374,
        1.3759968280792236,
        0.9698724150657654,
        0.7471833825111389,
        0.6311825513839722,
        0.5595185160636902,
        0.5209507346153259,
        0.4762207269668579,
        0.45114246010780334,
        0.43606892228126526
    ],
    "val_accuracy_values": [
        0.45500001311302185,
        0.6470000147819519,
        0.7380000352859497,
        0.7970000505447388,
        0.831000030040741,
        0.8420000672340393,
        0.8530000448226929,
        0.8670000433921814,
        0.8690000176429749,
        0.8750000596046448
    ],
    "training_time_ms": 5018.20000000298,
    "inference_time_ms": 0.4000000059604645,
    "loss": 0.43606892228126526,
    "accuracy": 0.8750000596046448
}