{
    "loss_values": [
        0.7783136963844299,
        0.33055633306503296,
        0.2818649709224701,
        0.25136202573776245,
        0.2280421257019043,
        0.20814791321754456,
        0.1916266530752182,
        0.17771144211292267,
        0.16563019156455994,
        0.15486691892147064
    ],
    "accuracy_values": [
        0.7859166860580444,
        0.9046666622161865,
        0.9175833463668823,
        0.9271667003631592,
        0.9335333704948425,
        0.9399333596229553,
        0.9445833563804626,
        0.9491666555404663,
        0.9521333575248718,
        0.9551166892051697
    ],
    "val_loss_values": [
        0.3576362133026123,
        0.2876673936843872,
        0.26261386275291443,
        0.2280382663011551,
        0.21182166039943695,
        0.1939714401960373,
        0.1816505789756775,
        0.1688414216041565,
        0.16419368982315063,
        0.1552284061908722
    ],
    "val_accuracy_values": [
        0.8945000171661377,
        0.9177000522613525,
        0.9228000640869141,
        0.93340003490448,
        0.9398000240325928,
        0.9422000646591187,
        0.945900022983551,
        0.9504000544548035,
        0.9527000188827515,
        0.9535000324249268
    ],
    "training_time_ms": 48793.59999999404,
    "inference_time_ms": 0.7999999970197678,
    "loss": 0.1552284061908722,
    "accuracy": 0.9535000324249268
}