{
    "loss_values": [
        2.1468896865844727,
        1.6148687601089478,
        0.9721394777297974,
        0.6575630903244019,
        0.527004063129425,
        0.4566206932067871,
        0.4122447371482849,
        0.38112732768058777,
        0.3558432459831238,
        0.3363814055919647
    ],
    "accuracy_values": [
        0.2721666693687439,
        0.5733333230018616,
        0.8038333058357239,
        0.8416666388511658,
        0.8623332977294922,
        0.875333309173584,
        0.890500009059906,
        0.8939999938011169,
        0.9013333320617676,
        0.9081666469573975
    ],
    "val_loss_values": [
        1.961318850517273,
        1.3440673351287842,
        0.8779199719429016,
        0.6806389093399048,
        0.5819052457809448,
        0.5294977426528931,
        0.49207523465156555,
        0.4731544554233551,
        0.4469113349914551,
        0.42845243215560913
    ],
    "val_accuracy_values": [
        0.45500001311302185,
        0.7290000319480896,
        0.7920000553131104,
        0.8170000314712524,
        0.8330000638961792,
        0.8480000495910645,
        0.8580000400543213,
        0.8580000400543213,
        0.8650000691413879,
        0.8730000257492065
    ],
    "training_time_ms": 5386.199999988079,
    "inference_time_ms": 0.7000000029802322,
    "loss": 0.42845243215560913,
    "accuracy": 0.8730000257492065
}