{"loss_values": [2.0599799156188965, 1.3167363405227661, 0.8225906491279602, 0.6135615706443787, 0.5077733397483826, 0.44476693868637085, 0.4008145332336426, 0.3694092333316803, 0.3446723520755768, 0.3256867825984955], "accuracy_values": [0.30666667222976685, 0.6834999918937683, 0.796999990940094, 0.840833306312561, 0.8658333420753479, 0.8808333277702332, 0.8928333520889282, 0.9001666903495789, 0.9073333144187927, 0.9108333587646484], "val_loss_values": [1.7883673906326294, 1.1173604726791382, 0.7949169278144836, 0.6431295871734619, 0.5658932328224182, 0.5101779103279114, 0.4774092137813568, 0.44471922516822815, 0.43193310499191284, 0.4090037941932678], "val_accuracy_values": [0.5230000019073486, 0.7089999914169312, 0.7820000052452087, 0.8199999928474426, 0.8410000205039978, 0.8579999804496765, 0.8650000095367432, 0.8740000128746033, 0.8700000047683716, 0.8809999823570251], "training_time_ms": 8222.294284998497, "inference_time_ms": 341.2564009995549, "loss": 0.4090037941932678, "accuracy": 0.8809999823570251}