{"loss_values": [0.760768473148346, 0.3247215151786804, 0.2764066457748413, 0.24615254998207092, 0.2224782258272171, 0.2038622945547104, 0.18861044943332672, 0.17556795477867126, 0.16455452144145966, 0.15483282506465912], "accuracy_values": [0.7832666635513306, 0.9066666960716248, 0.9201333522796631, 0.9301333427429199, 0.9367833137512207, 0.9416999816894531, 0.9457333087921143, 0.9493499994277954, 0.9528166651725769, 0.95496666431427], "val_loss_values": [0.3494901955127716, 0.2825642228126526, 0.24641574919223785, 0.2283635288476944, 0.2046334594488144, 0.19880801439285278, 0.1799294799566269, 0.1694432497024536, 0.15964774787425995, 0.15373913943767548], "val_accuracy_values": [0.9010999798774719, 0.9212999939918518, 0.9279000163078308, 0.9340000152587891, 0.9419000148773193, 0.942799985408783, 0.9470000267028809, 0.9498999714851379, 0.9527999758720398, 0.9544000029563904], "training_time_ms": 48455.89059800113, "inference_time_ms": 263.3690009970451, "loss": 0.15373913943767548, "accuracy": 0.9544000029563904}