{
    "loss_values": [
        2.1546053886413574,
        1.5563304424285889,
        0.9631367921829224,
        0.6963886022567749,
        0.5661332607269287,
        0.4875907599925995,
        0.4341302812099457,
        0.39589405059814453,
        0.36871063709259033,
        0.3482518196105957
    ],
    "accuracy_values": [
        0.31283333897590637,
        0.628000020980835,
        0.7748333215713501,
        0.8264999985694885,
        0.8560000061988831,
        0.8691666722297668,
        0.8855000138282776,
        0.8939999938011169,
        0.8970000147819519,
        0.902999997138977
    ],
    "val_loss_values": [
        1.9514061212539673,
        1.2776128053665161,
        0.8846372365951538,
        0.7069383263587952,
        0.6016563773155212,
        0.5338320136070251,
        0.49193084239959717,
        0.46653398871421814,
        0.4428955614566803,
        0.42513683438301086
    ],
    "val_accuracy_values": [
        0.43799999356269836,
        0.671999990940094,
        0.7770000100135803,
        0.8080000281333923,
        0.8330000042915344,
        0.8569999933242798,
        0.8690000176429749,
        0.8709999918937683,
        0.8799999952316284,
        0.878000020980835
    ],
    "training_time_ms": 11605.89999999106,
    "inference_time_ms": 0.5,
    "loss": 0.42513683438301086,
    "accuracy": 0.878000020980835
}