{
    "loss_values": [
        0.8365725874900818,
        0.3451109528541565,
        0.2961791753768921,
        0.26599639654159546,
        0.24200071394443512,
        0.22078754007816315,
        0.20280896127223969,
        0.18650364875793457,
        0.17414048314094543,
        0.1622283011674881
    ],
    "accuracy_values": [
        0.7670833468437195,
        0.9003000259399414,
        0.9144333600997925,
        0.923216700553894,
        0.9309833645820618,
        0.9377000331878662,
        0.9415166974067688,
        0.9458667039871216,
        0.9501333236694336,
        0.9533833265304565
    ],
    "val_loss_values": [
        0.3597467243671417,
        0.29910627007484436,
        0.26618078351020813,
        0.24690350890159607,
        0.22296757996082306,
        0.2056034952402115,
        0.19126099348068237,
        0.18051443994045258,
        0.16835446655750275,
        0.1597137302160263
    ],
    "val_accuracy_values": [
        0.8988000154495239,
        0.9120000004768372,
        0.9246000051498413,
        0.9296000003814697,
        0.9358000159263611,
        0.940500020980835,
        0.9448000192642212,
        0.9466999769210815,
        0.9513999819755554,
        0.9517999887466431
    ],
    "training_time_ms": 114538,
    "inference_time_ms": 0.5,
    "loss": 0.1597137302160263,
    "accuracy": 0.9517999887466431
}