{
    "loss_values": [
        1.1466161012649536,
        0.4335217773914337,
        0.3516879081726074,
        0.31235626339912415,
        0.2865961492061615,
        0.26513177156448364,
        0.2483518272638321,
        0.23385420441627502,
        0.22205182909965515,
        0.21015296876430511
    ],
    "accuracy_values": [
        0.7044000029563904,
        0.8804666996002197,
        0.9000666737556458,
        0.9103333353996277,
        0.9187333583831787,
        0.9243666529655457,
        0.9294000267982483,
        0.9327999949455261,
        0.9359000325202942,
        0.9390000104904175
    ],
    "val_loss_values": [
        0.6174277067184448,
        0.4681691825389862,
        0.3984185457229614,
        0.3658416271209717,
        0.3456469178199768,
        0.32554760575294495,
        0.30604287981987,
        0.30432581901550293,
        0.2855566740036011,
        0.27635321021080017
    ],
    "val_accuracy_values": [
        0.8288000226020813,
        0.8610000014305115,
        0.8835999965667725,
        0.892799973487854,
        0.9010000228881836,
        0.9057999849319458,
        0.9125999808311462,
        0.9136000275611877,
        0.91839998960495,
        0.920199990272522
    ],
    "training_time_ms": 57710.30000001192,
    "inference_time_ms": 1,
    "loss": 0.27635321021080017,
    "accuracy": 0.920199990272522
}