{
    "loss_values": [
        2.150801658630371,
        1.5925726890563965,
        0.9897186756134033,
        0.708621084690094,
        0.579233705997467,
        0.5049957633018494,
        0.45377352833747864,
        0.41701647639274597,
        0.38667911291122437,
        0.3634459972381592
    ],
    "accuracy_values": [
        0.3096666634082794,
        0.6196666359901428,
        0.7590000033378601,
        0.8016666769981384,
        0.8331666588783264,
        0.856499969959259,
        0.8686666488647461,
        0.8826666474342346,
        0.8913333415985107,
        0.8956666588783264
    ],
    "val_loss_values": [
        1.9878984689712524,
        1.3437464237213135,
        0.9185094833374023,
        0.734180212020874,
        0.6366552114486694,
        0.5780074596405029,
        0.5394517779350281,
        0.49995750188827515,
        0.4789987802505493,
        0.4597821831703186
    ],
    "val_accuracy_values": [
        0.49399998784065247,
        0.6919999718666077,
        0.7300000190734863,
        0.7760000228881836,
        0.8029999732971191,
        0.8259999752044678,
        0.843999981880188,
        0.8539999723434448,
        0.859000027179718,
        0.8629999756813049
    ],
    "training_time_ms": 17619.90000000596,
    "inference_time_ms": 0.09999999403953552,
    "loss": 0.4597821831703186,
    "accuracy": 0.8629999756813049
}