{
    "loss_values": [
        0.8427362442016602,
        0.3490435779094696,
        0.3002029359340668,
        0.2710290253162384,
        0.24712687730789185,
        0.22675074636936188,
        0.20848865807056427,
        0.19252242147922516,
        0.17764577269554138,
        0.16548970341682434
    ],
    "accuracy_values": [
        0.7584500312805176,
        0.8997333645820618,
        0.9139000177383423,
        0.9221000075340271,
        0.928350031375885,
        0.9350000023841858,
        0.9402666687965393,
        0.9449833631515503,
        0.9494667053222656,
        0.95291668176651
    ],
    "val_loss_values": [
        0.36935001611709595,
        0.3013514280319214,
        0.2753179371356964,
        0.2502310574054718,
        0.23426803946495056,
        0.21696032583713531,
        0.2043636292219162,
        0.1839182823896408,
        0.1743556708097458,
        0.1674962043762207
    ],
    "val_accuracy_values": [
        0.8955000042915344,
        0.914900004863739,
        0.9204000234603882,
        0.9284999966621399,
        0.9332000017166138,
        0.9380000233650208,
        0.9416000247001648,
        0.9469000101089478,
        0.9495000243186951,
        0.9514999985694885
    ],
    "training_time_ms": 214686.40000000596,
    "inference_time_ms": 0.30000001192092896,
    "loss": 0.1674962043762207,
    "accuracy": 0.9514999985694885
}