{
    "loss_values": [
        1.309449315071106,
        0.45476868748664856,
        0.36236482858657837,
        0.323143869638443,
        0.29734960198402405,
        0.27783721685409546,
        0.26206785440444946,
        0.24896742403507233,
        0.23714923858642578,
        0.22737407684326172
    ],
    "accuracy_values": [
        0.6085667014122009,
        0.8753666877746582,
        0.8968999981880188,
        0.907633364200592,
        0.9143666625022888,
        0.919700026512146,
        0.9249333143234253,
        0.9276333451271057,
        0.932033360004425,
        0.9342666864395142
    ],
    "val_loss_values": [
        0.6594651341438293,
        0.46362000703811646,
        0.4066486358642578,
        0.37969693541526794,
        0.3547326326370239,
        0.3452342450618744,
        0.3203873932361603,
        0.310391902923584,
        0.3082210123538971,
        0.2979317009449005
    ],
    "val_accuracy_values": [
        0.8185999989509583,
        0.8650000095367432,
        0.8808000087738037,
        0.8939999938011169,
        0.8988000154495239,
        0.9014000296592712,
        0.909600019454956,
        0.9079999923706055,
        0.9125999808311462,
        0.9132000207901001
    ],
    "training_time_ms": 108475.39999999106,
    "inference_time_ms": 0.19999998807907104,
    "loss": 0.2979317009449005,
    "accuracy": 0.9132000207901001
}