{
    "loss_values": [
        0.8137369751930237,
        0.3354587256908417,
        0.28547370433807373,
        0.25496000051498413,
        0.23120373487472534,
        0.21173496544361115,
        0.19551926851272583,
        0.1820068210363388,
        0.17052902281284332,
        0.16042661666870117
    ],
    "accuracy_values": [
        0.7750000357627869,
        0.9057666659355164,
        0.917733371257782,
        0.9281666874885559,
        0.9344666600227356,
        0.9401833415031433,
        0.9445000290870667,
        0.948033332824707,
        0.9513500332832336,
        0.9542166590690613
    ],
    "val_loss_values": [
        0.3610494136810303,
        0.29367128014564514,
        0.26490479707717896,
        0.23637695610523224,
        0.22751691937446594,
        0.20144614577293396,
        0.18969005346298218,
        0.17953723669052124,
        0.1697145700454712,
        0.15958604216575623
    ],
    "val_accuracy_values": [
        0.8999999761581421,
        0.91839998960495,
        0.9253000020980835,
        0.9308000206947327,
        0.9309999942779541,
        0.9387000203132629,
        0.9434999823570251,
        0.9470000267028809,
        0.9502000212669373,
        0.9523000121116638
    ],
    "training_time_ms": 114741.39999999106,
    "inference_time_ms": 0.5999999940395355,
    "loss": 0.15958604216575623,
    "accuracy": 0.9523000121116638
}