{
    "loss_values": [
        2.2237465381622314,
        1.8037800788879395,
        1.1893240213394165,
        0.7769256830215454,
        0.590791642665863,
        0.49701929092407227,
        0.4399307072162628,
        0.4015626907348633,
        0.3720734119415283,
        0.3502476215362549
    ],
    "accuracy_values": [
        0.2133333384990692,
        0.5615000128746033,
        0.6961666345596313,
        0.8081666827201843,
        0.8476666808128357,
        0.8663333058357239,
        0.8784999847412109,
        0.887833297252655,
        0.8953333497047424,
        0.9016666412353516
    ],
    "val_loss_values": [
        2.106855630874634,
        1.5651836395263672,
        1.0157150030136108,
        0.7342582941055298,
        0.6047965884208679,
        0.5393563508987427,
        0.4860212504863739,
        0.45445552468299866,
        0.4288124740123749,
        0.41733333468437195
    ],
    "val_accuracy_values": [
        0.41200000047683716,
        0.6129999756813049,
        0.7400000095367432,
        0.8180000185966492,
        0.8379999995231628,
        0.8510000109672546,
        0.859000027179718,
        0.8740000128746033,
        0.8799999952316284,
        0.875
    ],
    "training_time_ms": 11891.60000000894,
    "inference_time_ms": 0.09999999403953552,
    "loss": 0.41733333468437195,
    "accuracy": 0.875
}