{
    "loss_values": [
        1.2959333658218384,
        0.4547572433948517,
        0.35540100932121277,
        0.31504547595977783,
        0.28942543268203735,
        0.2690334916114807,
        0.2517145276069641,
        0.23633448779582977,
        0.2231484204530716,
        0.2116961032152176
    ],
    "accuracy_values": [
        0.6325333118438721,
        0.8773000240325928,
        0.8999333381652832,
        0.9106000065803528,
        0.917733371257782,
        0.9238333702087402,
        0.9287000298500061,
        0.9328333139419556,
        0.9368667006492615,
        0.9397333264350891
    ],
    "val_loss_values": [
        0.6617779731750488,
        0.4618365168571472,
        0.40285825729370117,
        0.3677530288696289,
        0.34916532039642334,
        0.33503419160842896,
        0.3154306411743164,
        0.3004539906978607,
        0.2792105972766876,
        0.27471134066581726
    ],
    "val_accuracy_values": [
        0.819599986076355,
        0.8697999715805054,
        0.8835999965667725,
        0.8949999809265137,
        0.8998000025749207,
        0.9017999768257141,
        0.9100000262260437,
        0.9139999747276306,
        0.9169999957084656,
        0.9157999753952026
    ],
    "training_time_ms": 55420.79999999702,
    "inference_time_ms": 0.5,
    "loss": 0.27471134066581726,
    "accuracy": 0.9157999753952026
}