{
    "loss_values": [
        1.1627951860427856,
        0.42767152190208435,
        0.3421470522880554,
        0.30262047052383423,
        0.2767428755760193,
        0.2573205828666687,
        0.24153639376163483,
        0.22763514518737793,
        0.2169177085161209,
        0.2058507800102234
    ],
    "accuracy_values": [
        0.6869333386421204,
        0.8820666670799255,
        0.904366672039032,
        0.915066659450531,
        0.9220666885375977,
        0.9267666935920715,
        0.9315333366394043,
        0.9355999827384949,
        0.938533365726471,
        0.9413333535194397
    ],
    "val_loss_values": [
        0.6152873039245605,
        0.45239341259002686,
        0.4000217914581299,
        0.3692130744457245,
        0.34480229020118713,
        0.3227226138114929,
        0.30830490589141846,
        0.3001144528388977,
        0.2874012887477875,
        0.27479854226112366
    ],
    "val_accuracy_values": [
        0.8295999765396118,
        0.8708000183105469,
        0.8838000297546387,
        0.8903999924659729,
        0.9007999897003174,
        0.9065999984741211,
        0.9110000133514404,
        0.9147999882698059,
        0.9165999889373779,
        0.9236000180244446
    ],
    "training_time_ms": 113719.39999999106,
    "inference_time_ms": 0.8999999910593033,
    "loss": 0.27479854226112366,
    "accuracy": 0.9236000180244446
}