{
    "loss_values": [
        2.14943265914917,
        1.6657453775405884,
        1.1457690000534058,
        0.8009566068649292,
        0.6267187595367432,
        0.5331434011459351,
        0.4759270250797272,
        0.4357750117778778,
        0.4055454432964325,
        0.3825208246707916
    ],
    "accuracy_values": [
        0.25466665625572205,
        0.5145000219345093,
        0.7269999980926514,
        0.812833309173584,
        0.8420000076293945,
        0.8613333106040955,
        0.8744999766349792,
        0.8833333253860474,
        0.891166627407074,
        0.8949999809265137
    ],
    "val_loss_values": [
        1.9875274896621704,
        1.4766051769256592,
        1.0347870588302612,
        0.7879149913787842,
        0.6611071825027466,
        0.5935747027397156,
        0.5396432876586914,
        0.5090302228927612,
        0.47877228260040283,
        0.4557301104068756
    ],
    "val_accuracy_values": [
        0.3529999852180481,
        0.5709999799728394,
        0.7689999938011169,
        0.8040000200271606,
        0.8289999961853027,
        0.8339999914169312,
        0.8460000157356262,
        0.8579999804496765,
        0.8640000224113464,
        0.8759999871253967
    ],
    "training_time_ms": 18600.5,
    "inference_time_ms": 0.20000000298023224,
    "loss": 0.4557301104068756,
    "accuracy": 0.8759999871253967
}